image_id,type,animal_a,animal_b,class_a,class_b,left_eye_x,left_eye_y,right_eye_x,right_eye_y,distance_px,eye_method
20247,cross_animal_right_eye,0,1.0,bear,bear,,,,,386.26,
20247,inter_eye,0,,bear,,31.0,59.0,60.0,60.0,29.02,pose
20247,inter_eye,1,,bear,,360.0,265.0,388.0,264.0,28.02,pose
165336,inter_eye,0,,giraffe,,327.0,142.0,,,,pose
165336,inter_eye,1,,giraffe,,217.0,192.0,,,,pose
165336,inter_eye,2,,zebra,,,,,,,fallback
165336,inter_eye,3,,bird,,,,,,,fallback
7281,cross_animal_right_eye,0,1.0,horse,horse,,,,,136.44,
7281,inter_eye,0,,horse,,350.0,213.0,370.0,212.0,20.02,pose
7281,inter_eye,1,,horse,,484.0,203.0,506.0,201.0,22.09,pose
187236,cross_animal_right_eye,0,1.0,cat,cat,,,,,196.76,
187236,inter_eye,0,,cat,,368.0,307.0,384.0,304.0,16.28,pose
187236,inter_eye,1,,cat,,296.0,113.0,317.0,119.0,21.84,pose
436551,inter_eye,0,,bird,,110.0,301.0,128.0,309.0,19.7,pose
436551,inter_eye,1,,bird,,,,,,,fallback
436551,inter_eye,2,,dog,,,,,,,fallback
490125,inter_eye,0,,bird,,,,,,,fallback
490125,inter_eye,1,,bird,,,,,,,fallback
490125,inter_eye,2,,bird,,,,,,,fallback
490125,inter_eye,3,,bird,,,,,,,fallback
490125,inter_eye,4,,bird,,,,,,,fallback
490125,inter_eye,5,,bird,,,,,,,fallback
490125,inter_eye,6,,bird,,,,,,,fallback
490125,inter_eye,7,,bird,,,,,,,fallback
490125,inter_eye,8,,bird,,,,,,,fallback
490125,inter_eye,9,,bird,,,,,,,fallback
490125,inter_eye,10,,bird,,,,,,,fallback
490125,inter_eye,11,,bird,,,,,,,fallback
490125,inter_eye,12,,bird,,,,,,,fallback
490125,inter_eye,13,,bird,,,,,,,fallback
504580,cross_animal_right_eye,0,1.0,giraffe,giraffe,,,,,442.24,
504580,inter_eye,0,,giraffe,,80.0,132.0,107.0,132.0,27.0,pose
504580,inter_eye,1,,giraffe,,526.0,205.0,543.0,206.0,17.03,pose
80659,inter_eye,0,,horse,,352.0,131.0,,,,pose
80659,inter_eye,1,,horse,,93.0,109.0,,,,pose
486046,cross_animal_right_eye,0,1.0,giraffe,zebra,,,,,325.61,
486046,inter_eye,0,,giraffe,,268.0,183.0,363.0,178.0,95.13,pose
486046,inter_eye,1,,zebra,,,,152.0,426.0,,pose
90003,inter_eye,0,,dog,,152.0,232.0,162.0,234.0,10.2,pose
90003,inter_eye,1,,dog,,235.0,257.0,,,,pose
69106,inter_eye,0,,zebra,,311.0,137.0,,,,pose
69106,inter_eye,1,,zebra,,215.0,140.0,227.0,138.0,12.17,pose
69106,inter_eye,2,,zebra,,72.0,167.0,,,,pose
69106,inter_eye,3,,zebra,,67.0,151.0,,,,pose
7108,inter_eye,0,,elephant,,387.0,77.0,,,,pose
7108,inter_eye,1,,elephant,,,,,,,fallback
7108,inter_eye,2,,elephant,,207.0,137.0,359.0,147.0,152.33,pose
7108,inter_eye,3,,elephant,,,,,,,fallback
103548,inter_eye,0,,sheep,,,,,,,fallback
103548,inter_eye,1,,sheep,,,,,,,fallback
103548,inter_eye,2,,sheep,,,,,,,fallback
103548,inter_eye,3,,sheep,,,,,,,fallback
103548,inter_eye,4,,sheep,,,,,,,fallback
103548,inter_eye,5,,sheep,,,,,,,fallback
103548,inter_eye,6,,sheep,,,,,,,fallback
103548,inter_eye,7,,sheep,,,,,,,fallback
103548,inter_eye,8,,sheep,,,,,,,fallback
103548,inter_eye,9,,sheep,,,,,,,fallback
103548,inter_eye,10,,sheep,,,,,,,fallback
103548,inter_eye,11,,sheep,,,,,,,fallback
103548,inter_eye,12,,sheep,,,,,,,fallback
103548,inter_eye,13,,sheep,,,,,,,fallback
103548,inter_eye,14,,sheep,,,,,,,fallback
103548,inter_eye,15,,sheep,,,,,,,fallback
103548,inter_eye,16,,sheep,,,,,,,fallback
103548,inter_eye,17,,sheep,,,,,,,fallback
493284,cross_animal_right_eye,0,1.0,elephant,elephant,,,,,357.59,
493284,cross_animal_right_eye,0,2.0,elephant,elephant,,,,,289.17,
493284,cross_animal_right_eye,0,3.0,elephant,elephant,,,,,205.28,
493284,cross_animal_right_eye,1,2.0,elephant,elephant,,,,,82.86,
493284,cross_animal_right_eye,1,3.0,elephant,elephant,,,,,297.06,
493284,cross_animal_right_eye,2,3.0,elephant,elephant,,,,,214.58,
493284,inter_eye,0,,elephant,,21.0,173.0,167.0,163.0,146.34,pose
493284,inter_eye,1,,elephant,,460.0,218.0,522.0,206.0,63.15,pose
493284,inter_eye,2,,elephant,,,,446.0,239.0,,pose
493284,inter_eye,3,,elephant,,199.0,349.0,260.0,346.0,61.07,pose
493284,inter_eye,4,,elephant,,,,,,,fallback
493284,inter_eye,5,,elephant,,,,,,,fallback
493284,inter_eye,6,,elephant,,,,,,,fallback
180011,cross_animal_right_eye,0,1.0,giraffe,giraffe,,,,,324.14,
180011,cross_animal_right_eye,0,2.0,giraffe,giraffe,,,,,26.25,
180011,cross_animal_right_eye,0,3.0,giraffe,zebra,,,,,401.1,
180011,cross_animal_right_eye,0,4.0,giraffe,giraffe,,,,,289.7,
180011,cross_animal_right_eye,0,5.0,giraffe,giraffe,,,,,395.55,
180011,cross_animal_right_eye,0,6.0,giraffe,giraffe,,,,,24.04,
180011,cross_animal_right_eye,1,2.0,giraffe,giraffe,,,,,338.59,
180011,cross_animal_right_eye,1,3.0,giraffe,zebra,,,,,242.57,
180011,cross_animal_right_eye,1,4.0,giraffe,giraffe,,,,,212.25,
180011,cross_animal_right_eye,1,5.0,giraffe,giraffe,,,,,168.96,
180011,cross_animal_right_eye,1,6.0,giraffe,giraffe,,,,,335.68,
180011,cross_animal_right_eye,2,3.0,giraffe,zebra,,,,,399.34,
180011,cross_animal_right_eye,2,4.0,giraffe,giraffe,,,,,287.0,
180011,cross_animal_right_eye,2,5.0,giraffe,giraffe,,,,,399.5,
180011,cross_animal_right_eye,2,6.0,giraffe,giraffe,,,,,3.0,
180011,cross_animal_right_eye,3,4.0,zebra,giraffe,,,,,112.61,
180011,cross_animal_right_eye,3,5.0,zebra,giraffe,,,,,86.98,
180011,cross_animal_right_eye,3,6.0,zebra,giraffe,,,,,397.48,
180011,cross_animal_right_eye,4,5.0,giraffe,giraffe,,,,,138.92,
180011,cross_animal_right_eye,4,6.0,giraffe,giraffe,,,,,285.2,
180011,cross_animal_right_eye,5,6.0,giraffe,giraffe,,,,,397.18,
180011,inter_eye,0,,giraffe,,66.0,544.0,95.0,538.0,29.61,pose
180011,inter_eye,1,,giraffe,,122.0,224.0,196.0,230.0,74.24,pose
180011,inter_eye,2,,giraffe,,,,112.0,558.0,,pose
180011,inter_eye,3,,zebra,,414.0,309.0,425.0,310.0,11.05,pose
180011,inter_eye,4,,giraffe,,301.0,400.0,341.0,385.0,42.72,pose
180011,inter_eye,5,,giraffe,,315.0,245.0,364.0,248.0,49.09,pose
180011,inter_eye,6,,giraffe,,,,112.0,555.0,,pose
180011,inter_eye,7,,zebra,,,,,,,fallback
372819,cross_animal_right_eye,0,1.0,dog,dog,,,,,202.7,
372819,cross_animal_right_eye,0,2.0,dog,dog,,,,,153.85,
372819,cross_animal_right_eye,0,3.0,dog,dog,,,,,204.71,
372819,cross_animal_right_eye,0,4.0,dog,sheep,,,,,204.94,
372819,cross_animal_right_eye,1,2.0,dog,dog,,,,,120.74,
372819,cross_animal_right_eye,1,3.0,dog,dog,,,,,81.01,
372819,cross_animal_right_eye,1,4.0,dog,sheep,,,,,82.01,
372819,cross_animal_right_eye,2,3.0,dog,dog,,,,,65.79,
372819,cross_animal_right_eye,2,4.0,dog,sheep,,,,,65.46,
372819,cross_animal_right_eye,3,4.0,dog,sheep,,,,,1.0,
372819,inter_eye,0,,dog,,440.0,214.0,445.0,213.0,5.1,pose
372819,inter_eye,1,,dog,,230.0,243.0,245.0,246.0,15.3,pose
372819,inter_eye,2,,dog,,301.0,142.0,308.0,143.0,7.07,pose
372819,inter_eye,3,,dog,,234.0,164.0,246.0,165.0,12.04,pose
372819,inter_eye,4,,sheep,,234.0,164.0,246.0,164.0,12.0,pose
225184,cross_animal_right_eye,0,1.0,sheep,sheep,,,,,112.02,
225184,cross_animal_right_eye,0,2.0,sheep,sheep,,,,,63.98,
225184,cross_animal_right_eye,1,2.0,sheep,sheep,,,,,61.29,
225184,inter_eye,0,,sheep,,422.0,440.0,424.0,439.0,2.24,pose
225184,inter_eye,1,,sheep,,,,312.0,437.0,,pose
225184,inter_eye,2,,sheep,,361.0,466.0,366.0,466.0,5.0,pose
225184,inter_eye,3,,sheep,,,,,,,fallback
528524,cross_animal_right_eye,0,1.0,elephant,horse,,,,,3.16,
528524,inter_eye,0,,elephant,,154.0,365.0,191.0,372.0,37.66,pose
528524,inter_eye,1,,horse,,151.0,366.0,188.0,371.0,37.34,pose
528524,inter_eye,2,,bird,,,,,,,fallback
147498,inter_eye,0,,bird,,,,,,,fallback
147498,inter_eye,1,,bird,,,,,,,fallback
147498,inter_eye,2,,bird,,,,,,,fallback
147498,inter_eye,3,,bird,,,,,,,fallback
147498,inter_eye,4,,bird,,,,,,,fallback
147498,inter_eye,5,,bird,,,,,,,fallback
147498,inter_eye,6,,bird,,,,,,,fallback
147498,inter_eye,7,,bird,,,,,,,fallback
147498,inter_eye,8,,bird,,,,,,,fallback
147498,inter_eye,9,,bird,,,,,,,fallback
147498,inter_eye,10,,bird,,,,,,,fallback
475223,inter_eye,0,,bird,,269.0,255.0,,,,pose
475223,inter_eye,1,,bird,,,,,,,fallback
387148,inter_eye,0,,cow,,,,,,,fallback
387148,inter_eye,1,,cow,,293.0,202.0,,,,pose
387148,inter_eye,2,,cow,,,,,,,fallback
387148,inter_eye,3,,cow,,385.0,204.0,,,,pose
387148,inter_eye,4,,horse,,,,,,,fallback
387148,inter_eye,5,,cow,,,,,,,fallback
387148,inter_eye,6,,horse,,,,,,,fallback
387148,inter_eye,7,,horse,,,,,,,fallback
387148,inter_eye,8,,sheep,,,,,,,fallback
387148,inter_eye,9,,cow,,,,,,,fallback
387148,inter_eye,10,,cow,,,,,,,fallback
387148,inter_eye,11,,horse,,501.0,197.0,,,,pose
387148,inter_eye,12,,cow,,,,,,,fallback
387148,inter_eye,13,,cow,,,,,,,fallback
387148,inter_eye,14,,horse,,293.0,203.0,,,,pose
387148,inter_eye,15,,horse,,,,,,,fallback
387148,inter_eye,16,,sheep,,,,,,,fallback
387148,inter_eye,17,,cow,,,,,,,fallback
268375,cross_animal_right_eye,1,3.0,elephant,elephant,,,,,481.83,
268375,cross_animal_right_eye,1,4.0,elephant,elephant,,,,,183.58,
268375,cross_animal_right_eye,3,4.0,elephant,elephant,,,,,298.54,
268375,inter_eye,0,,elephant,,186.0,267.0,,,,pose
268375,inter_eye,1,,elephant,,537.0,145.0,603.0,138.0,66.37,pose
268375,inter_eye,2,,elephant,,190.0,258.0,,,,pose
268375,inter_eye,3,,elephant,,49.0,176.0,123.0,180.0,74.11,pose
268375,inter_eye,4,,elephant,,,,421.0,162.0,,pose
209613,cross_animal_right_eye,5,15.0,sheep,sheep,,,,,60.0,
209613,inter_eye,0,,sheep,,311.0,245.0,,,,pose
209613,inter_eye,1,,sheep,,58.0,289.0,,,,pose
209613,inter_eye,2,,sheep,,172.0,277.0,,,,pose
209613,inter_eye,3,,sheep,,,,,,,fallback
209613,inter_eye,4,,sheep,,,,,,,fallback
209613,inter_eye,5,,sheep,,140.0,258.0,142.0,260.0,2.83,pose
209613,inter_eye,6,,sheep,,133.0,260.0,,,,pose
209613,inter_eye,7,,dog,,565.0,258.0,,,,pose
209613,inter_eye,8,,bear,,,,,,,fallback
209613,inter_eye,9,,sheep,,,,,,,fallback
209613,inter_eye,10,,sheep,,,,,,,fallback
209613,inter_eye,11,,sheep,,,,,,,fallback
209613,inter_eye,12,,sheep,,,,,,,fallback
209613,inter_eye,13,,sheep,,,,,,,fallback
209613,inter_eye,14,,sheep,,,,,,,fallback
209613,inter_eye,15,,sheep,,199.0,259.0,202.0,260.0,3.16,pose
209613,inter_eye,16,,sheep,,,,,,,fallback
209613,inter_eye,17,,sheep,,,,,,,fallback
28449,inter_eye,0,,elephant,,119.0,202.0,222.0,192.0,103.48,pose
28449,inter_eye,1,,elephant,,,,,,,fallback
28449,inter_eye,2,,elephant,,,,,,,fallback
28449,inter_eye,3,,elephant,,252.0,84.0,,,,pose
28449,inter_eye,4,,elephant,,278.0,85.0,,,,pose
28449,inter_eye,5,,elephant,,,,,,,fallback
28449,inter_eye,6,,elephant,,,,,,,fallback
324818,inter_eye,0,,bird,,258.0,170.0,,,,pose
324818,inter_eye,1,,bird,,,,,,,fallback
281447,cross_animal_right_eye,0,2.0,horse,cow,,,,,286.72,
281447,inter_eye,0,,horse,,274.0,232.0,337.0,243.0,63.95,pose
281447,inter_eye,1,,horse,,,,,,,fallback
281447,inter_eye,2,,cow,,,,56.0,186.0,,pose
194216,inter_eye,0,,bear,,573.0,200.0,589.0,206.0,17.09,pose
194216,inter_eye,1,,bird,,,,,,,fallback
194216,inter_eye,2,,bear,,,,,,,fallback
194216,inter_eye,3,,bird,,,,,,,fallback
194216,inter_eye,4,,bear,,,,,,,fallback
194216,inter_eye,5,,bird,,,,,,,fallback
303499,inter_eye,0,,horse,,,,,,,fallback
303499,inter_eye,1,,horse,,,,,,,fallback
303499,inter_eye,2,,horse,,,,,,,fallback
303499,inter_eye,3,,horse,,,,,,,fallback
303499,inter_eye,4,,horse,,,,,,,fallback
493019,cross_animal_right_eye,3,4.0,zebra,zebra,,,,,12.53,
493019,inter_eye,0,,zebra,,,,,,,fallback
493019,inter_eye,1,,zebra,,,,,,,fallback
493019,inter_eye,2,,zebra,,380.0,227.0,,,,pose
493019,inter_eye,3,,zebra,,,,312.0,193.0,,pose
493019,inter_eye,4,,zebra,,,,301.0,199.0,,pose
493019,inter_eye,5,,zebra,,,,,,,fallback
493019,inter_eye,6,,zebra,,,,,,,fallback
493019,inter_eye,7,,zebra,,,,,,,fallback
493019,inter_eye,8,,zebra,,,,,,,fallback
493019,inter_eye,9,,zebra,,,,,,,fallback
417876,cross_animal_right_eye,1,2.0,giraffe,giraffe,,,,,10.2,
417876,inter_eye,0,,giraffe,,209.0,107.0,,,,pose
417876,inter_eye,1,,giraffe,,,,366.0,173.0,,pose
417876,inter_eye,2,,giraffe,,,,364.0,163.0,,pose
117374,cross_animal_right_eye,0,2.0,cat,bird,,,,,406.4,
117374,cross_animal_right_eye,0,4.0,cat,dog,,,,,408.53,
117374,cross_animal_right_eye,0,5.0,cat,cat,,,,,409.21,
117374,cross_animal_right_eye,2,4.0,bird,dog,,,,,2.24,
117374,cross_animal_right_eye,2,5.0,bird,cat,,,,,5.39,
117374,cross_animal_right_eye,4,5.0,dog,cat,,,,,4.0,
117374,inter_eye,0,,cat,,475.0,301.0,483.0,301.0,8.0,pose
117374,inter_eye,1,,bird,,,,,,,fallback
117374,inter_eye,2,,bird,,76.0,235.0,82.0,235.0,6.0,pose
117374,inter_eye,3,,bird,,,,,,,fallback
117374,inter_eye,4,,dog,,72.0,233.0,80.0,234.0,8.06,pose
117374,inter_eye,5,,cat,,73.0,230.0,80.0,230.0,7.0,pose
117374,inter_eye,6,,bird,,,,,,,fallback
229753,inter_eye,0,,giraffe,,432.0,227.0,,,,pose
229753,inter_eye,1,,giraffe,,263.0,240.0,286.0,238.0,23.09,pose
170739,cross_animal_right_eye,1,2.0,elephant,elephant,,,,,214.56,
170739,inter_eye,0,,elephant,,74.0,173.0,,,,pose
170739,inter_eye,1,,elephant,,279.0,115.0,418.0,127.0,139.52,pose
170739,inter_eye,2,,elephant,,476.0,188.0,624.0,187.0,148.0,pose
170739,inter_eye,3,,elephant,,,,,,,fallback
551815,cross_animal_right_eye,0,1.0,cat,cat,,,,,5.0,
551815,cross_animal_right_eye,0,2.0,cat,cat,,,,,167.04,
551815,cross_animal_right_eye,0,3.0,cat,cat,,,,,9.49,
551815,cross_animal_right_eye,1,2.0,cat,cat,,,,,169.43,
551815,cross_animal_right_eye,1,3.0,cat,cat,,,,,12.04,
551815,cross_animal_right_eye,2,3.0,cat,cat,,,,,157.69,
551815,inter_eye,0,,cat,,314.0,262.0,372.0,264.0,58.03,pose
551815,inter_eye,1,,cat,,309.0,253.0,375.0,260.0,66.37,pose
551815,inter_eye,2,,cat,,159.0,244.0,207.0,238.0,48.37,pose
551815,inter_eye,3,,cat,,313.0,263.0,363.0,261.0,50.04,pose
484296,inter_eye,0,,zebra,,38.0,122.0,,,,pose
484296,inter_eye,1,,zebra,,396.0,271.0,409.0,275.0,13.6,pose
484296,inter_eye,2,,zebra,,,,,,,fallback
552371,inter_eye,0,,horse,,449.0,215.0,,,,pose
552371,inter_eye,1,,horse,,325.0,139.0,,,,pose
552371,inter_eye,2,,horse,,379.0,148.0,,,,pose
552371,inter_eye,3,,horse,,257.0,132.0,,,,pose
320632,cross_animal_right_eye,3,5.0,zebra,zebra,,,,,404.98,
320632,cross_animal_right_eye,3,7.0,zebra,zebra,,,,,215.86,
320632,cross_animal_right_eye,5,7.0,zebra,zebra,,,,,194.5,
320632,inter_eye,0,,zebra,,38.0,199.0,,,,pose
320632,inter_eye,1,,zebra,,306.0,161.0,,,,pose
320632,inter_eye,2,,zebra,,,,,,,fallback
320632,inter_eye,3,,zebra,,451.0,206.0,454.0,187.0,19.24,pose
320632,inter_eye,4,,zebra,,83.0,252.0,,,,pose
320632,inter_eye,5,,zebra,,,,51.0,147.0,,pose
320632,inter_eye,6,,zebra,,115.0,230.0,,,,pose
320632,inter_eye,7,,zebra,,236.0,130.0,245.0,133.0,9.49,pose
320632,inter_eye,8,,zebra,,,,,,,fallback
577862,cross_animal_right_eye,0,1.0,giraffe,giraffe,,,,,66.49,
577862,inter_eye,0,,giraffe,,,,527.0,50.0,,pose
577862,inter_eye,1,,giraffe,,564.0,62.0,592.0,64.0,28.07,pose
476215,cross_animal_right_eye,1,3.0,horse,horse,,,,,34.44,
476215,cross_animal_right_eye,1,4.0,horse,horse,,,,,6.08,
476215,cross_animal_right_eye,3,4.0,horse,horse,,,,,31.32,
476215,inter_eye,0,,horse,,,,,,,fallback
476215,inter_eye,1,,horse,,15.0,90.0,31.0,92.0,16.12,pose
476215,inter_eye,2,,horse,,,,,,,fallback
476215,inter_eye,3,,horse,,55.0,107.0,62.0,107.0,7.0,pose
476215,inter_eye,4,,horse,,15.0,96.0,32.0,98.0,17.12,pose
476215,inter_eye,5,,horse,,,,,,,fallback
545129,cross_animal_right_eye,0,1.0,zebra,zebra,,,,,55.01,
545129,cross_animal_right_eye,0,2.0,zebra,zebra,,,,,237.19,
545129,cross_animal_right_eye,1,2.0,zebra,zebra,,,,,185.93,
545129,inter_eye,0,,zebra,,,,177.0,137.0,,pose
545129,inter_eye,1,,zebra,,225.0,131.0,232.0,136.0,8.6,pose
545129,inter_eye,2,,zebra,,387.0,212.0,403.0,209.0,16.28,pose
534394,inter_eye,0,,sheep,,,,,,,fallback
534394,inter_eye,1,,sheep,,,,,,,fallback
534394,inter_eye,2,,sheep,,,,,,,fallback
534394,inter_eye,3,,sheep,,,,,,,fallback
534394,inter_eye,4,,sheep,,,,,,,fallback
534394,inter_eye,5,,sheep,,,,,,,fallback
534394,inter_eye,6,,sheep,,,,,,,fallback
534394,inter_eye,7,,sheep,,,,,,,fallback
534394,inter_eye,8,,sheep,,,,,,,fallback
534394,inter_eye,9,,sheep,,,,,,,fallback
534394,inter_eye,10,,sheep,,,,,,,fallback
534394,inter_eye,11,,sheep,,,,,,,fallback
534394,inter_eye,12,,sheep,,,,,,,fallback
534394,inter_eye,13,,sheep,,,,,,,fallback
534394,inter_eye,14,,sheep,,,,,,,fallback
534394,inter_eye,15,,sheep,,,,,,,fallback
534394,inter_eye,16,,sheep,,,,,,,fallback
534394,inter_eye,17,,sheep,,,,,,,fallback
534394,inter_eye,18,,sheep,,,,,,,fallback
534394,inter_eye,19,,sheep,,,,,,,fallback
534394,inter_eye,20,,sheep,,,,,,,fallback
91921,cross_animal_right_eye,0,1.0,zebra,zebra,,,,,452.36,
91921,inter_eye,0,,zebra,,544.0,340.0,573.0,349.0,30.36,pose
91921,inter_eye,1,,zebra,,,,122.0,314.0,,pose
211069,inter_eye,0,,giraffe,,270.0,211.0,,,,pose
211069,inter_eye,1,,giraffe,,,,,,,fallback
211069,inter_eye,2,,giraffe,,,,,,,fallback
211069,inter_eye,3,,bird,,,,,,,fallback
211069,inter_eye,4,,giraffe,,,,,,,fallback
166287,cross_animal_right_eye,0,4.0,cow,cow,,,,,222.99,
166287,inter_eye,0,,cow,,327.0,202.0,341.0,204.0,14.14,pose
166287,inter_eye,1,,bird,,,,,,,fallback
166287,inter_eye,2,,cow,,157.0,242.0,,,,pose
166287,inter_eye,3,,bird,,,,,,,fallback
166287,inter_eye,4,,cow,,550.0,226.0,563.0,225.0,13.04,pose
166287,inter_eye,5,,bird,,,,,,,fallback
166287,inter_eye,6,,bird,,,,,,,fallback
166287,inter_eye,7,,bird,,,,,,,fallback
166287,inter_eye,8,,bird,,,,,,,fallback
166287,inter_eye,9,,bird,,,,,,,fallback
166287,inter_eye,10,,bird,,,,,,,fallback
166287,inter_eye,11,,bird,,,,,,,fallback
166287,inter_eye,12,,bird,,,,,,,fallback
166287,inter_eye,13,,bird,,,,,,,fallback
166287,inter_eye,14,,bird,,,,,,,fallback
166287,inter_eye,15,,bird,,,,,,,fallback
166287,inter_eye,16,,bird,,,,,,,fallback
166287,inter_eye,17,,bird,,,,,,,fallback
166287,inter_eye,18,,bird,,,,,,,fallback
206838,cross_animal_right_eye,0,1.0,horse,horse,,,,,371.21,
206838,cross_animal_right_eye,0,2.0,horse,elephant,,,,,372.2,
206838,cross_animal_right_eye,1,2.0,horse,elephant,,,,,1.0,
206838,inter_eye,0,,horse,,466.0,272.0,554.0,279.0,88.28,pose
206838,inter_eye,1,,horse,,133.0,215.0,188.0,217.0,55.04,pose
206838,inter_eye,2,,elephant,,138.0,214.0,187.0,217.0,49.09,pose
484893,cross_animal_right_eye,1,2.0,sheep,sheep,,,,,182.15,
484893,inter_eye,0,,sheep,,380.0,16.0,,,,pose
484893,inter_eye,1,,sheep,,345.0,246.0,397.0,231.0,54.12,pose
484893,inter_eye,2,,sheep,,,,340.0,58.0,,pose
484893,inter_eye,3,,sheep,,,,,,,fallback
129054,inter_eye,0,,zebra,,,,,,,fallback
129054,inter_eye,1,,zebra,,,,,,,fallback
129054,inter_eye,2,,zebra,,,,,,,fallback
129054,inter_eye,3,,zebra,,,,,,,fallback
129054,inter_eye,4,,zebra,,,,,,,fallback
129054,inter_eye,5,,zebra,,398.0,230.0,,,,pose
129054,inter_eye,6,,zebra,,,,,,,fallback
129054,inter_eye,7,,zebra,,,,,,,fallback
129054,inter_eye,8,,zebra,,143.0,210.0,,,,pose
129054,inter_eye,9,,zebra,,327.0,206.0,,,,pose
129054,inter_eye,10,,zebra,,,,,,,fallback
129054,inter_eye,11,,zebra,,,,,,,fallback
129054,inter_eye,12,,zebra,,,,,,,fallback
129054,inter_eye,13,,zebra,,,,,,,fallback
129054,inter_eye,14,,zebra,,,,,,,fallback
129054,inter_eye,15,,zebra,,,,,,,fallback
129054,inter_eye,16,,zebra,,,,,,,fallback
129054,inter_eye,17,,zebra,,,,,,,fallback
129054,inter_eye,18,,zebra,,333.0,217.0,,,,pose
129054,inter_eye,19,,zebra,,,,,,,fallback
129054,inter_eye,20,,zebra,,,,,,,fallback
129054,inter_eye,21,,zebra,,,,,,,fallback
129054,inter_eye,22,,zebra,,,,,,,fallback
129054,inter_eye,23,,zebra,,,,,,,fallback
129054,inter_eye,24,,zebra,,,,,,,fallback
129054,inter_eye,25,,zebra,,,,,,,fallback
305695,cross_animal_right_eye,0,3.0,zebra,zebra,,,,,333.0,
305695,inter_eye,0,,zebra,,268.0,263.0,270.0,261.0,2.83,pose
305695,inter_eye,1,,zebra,,,,,,,fallback
305695,inter_eye,2,,zebra,,,,,,,fallback
305695,inter_eye,3,,zebra,,,,603.0,261.0,,pose
305695,inter_eye,4,,zebra,,,,,,,fallback
305695,inter_eye,5,,zebra,,,,,,,fallback
305695,inter_eye,6,,zebra,,,,,,,fallback
305695,inter_eye,7,,zebra,,,,,,,fallback
258911,cross_animal_right_eye,0,1.0,cow,cow,,,,,61.29,
258911,cross_animal_right_eye,0,2.0,cow,cow,,,,,79.2,
258911,cross_animal_right_eye,0,3.0,cow,cow,,,,,75.6,
258911,cross_animal_right_eye,0,4.0,cow,cow,,,,,73.76,
258911,cross_animal_right_eye,0,5.0,cow,dog,,,,,81.63,
258911,cross_animal_right_eye,1,2.0,cow,cow,,,,,42.05,
258911,cross_animal_right_eye,1,3.0,cow,cow,,,,,40.01,
258911,cross_animal_right_eye,1,4.0,cow,cow,,,,,14.87,
258911,cross_animal_right_eye,1,5.0,cow,dog,,,,,37.11,
258911,cross_animal_right_eye,2,3.0,cow,cow,,,,,3.61,
258911,cross_animal_right_eye,2,4.0,cow,cow,,,,,33.24,
258911,cross_animal_right_eye,2,5.0,cow,dog,,,,,9.22,
258911,cross_animal_right_eye,3,4.0,cow,cow,,,,,32.31,
258911,cross_animal_right_eye,3,5.0,cow,dog,,,,,10.77,
258911,cross_animal_right_eye,4,5.0,cow,dog,,,,,26.08,
258911,inter_eye,0,,cow,,,,363.0,232.0,,pose
258911,inter_eye,1,,cow,,415.0,237.0,424.0,226.0,14.21,pose
258911,inter_eye,2,,cow,,413.0,187.0,426.0,184.0,13.34,pose
258911,inter_eye,3,,cow,,,,423.0,186.0,,pose
258911,inter_eye,4,,cow,,408.0,229.0,435.0,216.0,29.97,pose
258911,inter_eye,5,,dog,,419.0,191.0,433.0,190.0,14.04,pose
311295,inter_eye,0,,zebra,,,,,,,fallback
311295,inter_eye,1,,zebra,,,,,,,fallback
311295,inter_eye,2,,zebra,,,,,,,fallback
311295,inter_eye,3,,zebra,,,,,,,fallback
311295,inter_eye,4,,giraffe,,,,,,,fallback
311295,inter_eye,5,,zebra,,,,,,,fallback
311295,inter_eye,6,,zebra,,,,,,,fallback
311295,inter_eye,7,,zebra,,,,,,,fallback
311295,inter_eye,8,,zebra,,,,,,,fallback
311295,inter_eye,9,,zebra,,,,,,,fallback
302165,cross_animal_right_eye,1,3.0,cow,cow,,,,,445.43,
302165,cross_animal_right_eye,1,6.0,cow,cow,,,,,376.15,
302165,cross_animal_right_eye,3,6.0,cow,cow,,,,,73.59,
302165,inter_eye,0,,cow,,,,,,,fallback
302165,inter_eye,1,,cow,,,,139.0,400.0,,pose
302165,inter_eye,2,,cow,,,,,,,fallback
302165,inter_eye,3,,cow,,517.0,178.0,528.0,183.0,12.08,pose
302165,inter_eye,4,,cow,,526.0,174.0,,,,pose
302165,inter_eye,5,,cow,,132.0,271.0,,,,pose
302165,inter_eye,6,,cow,,474.0,237.0,478.0,237.0,4.0,pose
302165,inter_eye,7,,cow,,441.0,240.0,,,,pose
375763,cross_animal_right_eye,0,1.0,sheep,sheep,,,,,62.17,
375763,cross_animal_right_eye,0,2.0,sheep,sheep,,,,,374.34,
375763,cross_animal_right_eye,0,3.0,sheep,sheep,,,,,183.18,
375763,cross_animal_right_eye,0,4.0,sheep,sheep,,,,,296.49,
375763,cross_animal_right_eye,0,5.0,sheep,sheep,,,,,105.57,
375763,cross_animal_right_eye,0,6.0,sheep,sheep,,,,,230.37,
375763,cross_animal_right_eye,1,2.0,sheep,sheep,,,,,435.02,
375763,cross_animal_right_eye,1,3.0,sheep,sheep,,,,,242.0,
375763,cross_animal_right_eye,1,4.0,sheep,sheep,,,,,357.04,
375763,cross_animal_right_eye,1,5.0,sheep,sheep,,,,,166.0,
375763,cross_animal_right_eye,1,6.0,sheep,sheep,,,,,291.0,
375763,cross_animal_right_eye,2,3.0,sheep,sheep,,,,,194.83,
375763,cross_animal_right_eye,2,4.0,sheep,sheep,,,,,78.01,
375763,cross_animal_right_eye,2,5.0,sheep,sheep,,,,,269.05,
375763,cross_animal_right_eye,2,6.0,sheep,sheep,,,,,144.03,
375763,cross_animal_right_eye,3,4.0,sheep,sheep,,,,,117.24,
375763,cross_animal_right_eye,3,5.0,sheep,sheep,,,,,78.45,
375763,cross_animal_right_eye,3,6.0,sheep,sheep,,,,,54.23,
375763,cross_animal_right_eye,4,5.0,sheep,sheep,,,,,191.09,
375763,cross_animal_right_eye,4,6.0,sheep,sheep,,,,,66.12,
375763,cross_animal_right_eye,5,6.0,sheep,sheep,,,,,125.02,
375763,inter_eye,0,,sheep,,430.0,186.0,447.0,185.0,17.03,pose
375763,inter_eye,1,,sheep,,491.0,196.0,508.0,197.0,17.03,pose
375763,inter_eye,2,,sheep,,60.0,201.0,73.0,201.0,13.0,pose
375763,inter_eye,3,,sheep,,251.0,218.0,267.0,219.0,16.03,pose
375763,inter_eye,4,,sheep,,139.0,202.0,151.0,202.0,12.0,pose
375763,inter_eye,5,,sheep,,329.0,197.0,342.0,196.0,13.04,pose
375763,inter_eye,6,,sheep,,205.0,198.0,217.0,198.0,12.0,pose
375763,inter_eye,7,,sheep,,369.0,190.0,,,,pose
375763,inter_eye,8,,sheep,,364.0,176.0,,,,pose
375763,inter_eye,9,,sheep,,,,,,,fallback
375763,inter_eye,10,,sheep,,504.0,199.0,,,,pose
375763,inter_eye,11,,sheep,,,,,,,fallback
375763,inter_eye,12,,sheep,,67.0,216.0,,,,pose
293300,inter_eye,0,,elephant,,,,,,,fallback
293300,inter_eye,1,,elephant,,167.0,185.0,,,,pose
293300,inter_eye,2,,elephant,,,,42.0,405.0,,pose
298251,inter_eye,0,,zebra,,74.0,97.0,,,,pose
298251,inter_eye,1,,zebra,,,,,,,fallback
298251,inter_eye,2,,zebra,,526.0,122.0,,,,pose
298251,inter_eye,3,,zebra,,,,,,,fallback
298251,inter_eye,4,,zebra,,,,,,,fallback
298251,inter_eye,5,,bird,,,,,,,fallback
298251,inter_eye,6,,zebra,,,,,,,fallback
245513,inter_eye,0,,giraffe,,,,282.0,141.0,,pose
245513,inter_eye,1,,bird,,,,,,,fallback
356612,cross_animal_right_eye,0,1.0,cow,cow,,,,,287.0,
356612,cross_animal_right_eye,0,2.0,cow,cow,,,,,81.04,
356612,cross_animal_right_eye,0,3.0,cow,cow,,,,,204.55,
356612,cross_animal_right_eye,0,4.0,cow,cow,,,,,135.18,
356612,cross_animal_right_eye,0,5.0,cow,cow,,,,,245.05,
356612,cross_animal_right_eye,1,2.0,cow,cow,,,,,365.72,
356612,cross_animal_right_eye,1,3.0,cow,cow,,,,,84.53,
356612,cross_animal_right_eye,1,4.0,cow,cow,,,,,152.21,
356612,cross_animal_right_eye,1,5.0,cow,cow,,,,,42.19,
356612,cross_animal_right_eye,2,3.0,cow,cow,,,,,282.09,
356612,cross_animal_right_eye,2,4.0,cow,cow,,,,,213.53,
356612,cross_animal_right_eye,2,5.0,cow,cow,,,,,324.13,
356612,cross_animal_right_eye,3,4.0,cow,cow,,,,,69.46,
356612,cross_animal_right_eye,3,5.0,cow,cow,,,,,45.62,
356612,cross_animal_right_eye,4,5.0,cow,cow,,,,,110.65,
356612,inter_eye,0,,cow,,374.0,210.0,391.0,209.0,17.03,pose
356612,inter_eye,1,,cow,,81.0,208.0,104.0,208.0,23.0,pose
356612,inter_eye,2,,cow,,444.0,234.0,469.0,231.0,25.18,pose
356612,inter_eye,3,,cow,,166.0,222.0,187.0,224.0,21.1,pose
356612,inter_eye,4,,cow,,236.0,215.0,256.0,216.0,20.02,pose
356612,inter_eye,5,,cow,,122.0,204.0,146.0,204.0,24.0,pose
356612,inter_eye,6,,cow,,,,,,,fallback
88250,inter_eye,0,,elephant,,392.0,232.0,,,,pose
88250,inter_eye,1,,elephant,,,,285.0,208.0,,pose
296969,cross_animal_right_eye,0,5.0,giraffe,giraffe,,,,,475.66,
296969,inter_eye,0,,giraffe,,150.0,56.0,161.0,55.0,11.05,pose
296969,inter_eye,1,,giraffe,,416.0,87.0,,,,pose
296969,inter_eye,2,,giraffe,,328.0,221.0,,,,pose
296969,inter_eye,3,,giraffe,,,,,,,fallback
296969,inter_eye,4,,giraffe,,406.0,89.0,,,,pose
296969,inter_eye,5,,giraffe,,622.0,80.0,636.0,80.0,14.0,pose
296969,inter_eye,6,,giraffe,,,,,,,fallback
296969,inter_eye,7,,giraffe,,,,,,,fallback
459396,cross_animal_right_eye,0,1.0,cow,cow,,,,,367.61,
459396,inter_eye,0,,cow,,508.0,131.0,534.0,132.0,26.02,pose
459396,inter_eye,1,,cow,,336.0,450.0,370.0,461.0,35.74,pose
459396,inter_eye,2,,cow,,,,,,,fallback
12062,inter_eye,0,,sheep,,173.0,214.0,216.0,215.0,43.01,pose
12062,inter_eye,1,,sheep,,,,,,,fallback
12062,inter_eye,2,,sheep,,,,,,,fallback
24919,cross_animal_right_eye,0,2.0,elephant,elephant,,,,,117.32,
24919,inter_eye,0,,elephant,,,,291.0,217.0,,pose
24919,inter_eye,1,,elephant,,292.0,236.0,,,,pose
24919,inter_eye,2,,elephant,,,,388.0,151.0,,pose
49810,cross_animal_right_eye,0,1.0,cat,cat,,,,,86.15,
49810,inter_eye,0,,cat,,161.0,187.0,173.0,189.0,12.17,pose
49810,inter_eye,1,,cat,,67.0,201.0,87.0,194.0,21.19,pose
318080,cross_animal_right_eye,0,1.0,bear,bear,,,,,92.44,
318080,inter_eye,0,,bear,,391.0,194.0,426.0,207.0,37.34,pose
318080,inter_eye,1,,bear,,,,334.0,198.0,,pose
318080,inter_eye,2,,bear,,,,,,,fallback
357081,cross_animal_right_eye,1,2.0,cow,dog,,,,,34.21,
357081,inter_eye,0,,cow,,244.0,186.0,,,,pose
357081,inter_eye,1,,cow,,145.0,245.0,171.0,244.0,26.02,pose
357081,inter_eye,2,,dog,,167.0,220.0,198.0,223.0,31.14,pose
526103,cross_animal_right_eye,0,1.0,elephant,elephant,,,,,313.08,
526103,inter_eye,0,,elephant,,305.0,174.0,380.0,160.0,76.3,pose
526103,inter_eye,1,,elephant,,245.0,457.0,278.0,456.0,33.02,pose
277051,inter_eye,0,,bird,,286.0,184.0,,,,pose
277051,inter_eye,1,,bird,,285.0,194.0,,,,pose
51309,cross_animal_right_eye,0,1.0,horse,horse,,,,,410.31,
51309,cross_animal_right_eye,0,2.0,horse,horse,,,,,7.28,
51309,cross_animal_right_eye,0,5.0,horse,horse,,,,,12.08,
51309,cross_animal_right_eye,1,2.0,horse,horse,,,,,417.01,
51309,cross_animal_right_eye,1,5.0,horse,horse,,,,,420.63,
51309,cross_animal_right_eye,2,5.0,horse,horse,,,,,5.0,
51309,inter_eye,0,,horse,,,,195.0,187.0,,pose
51309,inter_eye,1,,horse,,,,602.0,135.0,,pose
51309,inter_eye,2,,horse,,,,188.0,185.0,,pose
51309,inter_eye,3,,horse,,,,,,,fallback
51309,inter_eye,4,,horse,,,,,,,fallback
51309,inter_eye,5,,horse,,,,184.0,182.0,,pose
230166,cross_animal_right_eye,1,5.0,sheep,sheep,,,,,43.01,
230166,cross_animal_right_eye,1,17.0,sheep,sheep,,,,,14.04,
230166,cross_animal_right_eye,5,17.0,sheep,sheep,,,,,56.29,
230166,inter_eye,0,,sheep,,63.0,243.0,,,,pose
230166,inter_eye,1,,sheep,,294.0,207.0,309.0,212.0,15.81,pose
230166,inter_eye,2,,sheep,,,,,,,fallback
230166,inter_eye,3,,sheep,,,,,,,fallback
230166,inter_eye,4,,sheep,,,,,,,fallback
230166,inter_eye,5,,sheep,,261.0,226.0,268.0,225.0,7.07,pose
230166,inter_eye,6,,sheep,,315.0,211.0,,,,pose
230166,inter_eye,7,,sheep,,549.0,215.0,,,,pose
230166,inter_eye,8,,sheep,,,,,,,fallback
230166,inter_eye,9,,sheep,,,,,,,fallback
230166,inter_eye,10,,sheep,,,,,,,fallback
230166,inter_eye,11,,sheep,,,,,,,fallback
230166,inter_eye,12,,sheep,,,,,,,fallback
230166,inter_eye,13,,sheep,,,,,,,fallback
230166,inter_eye,14,,sheep,,,,,,,fallback
230166,inter_eye,15,,sheep,,,,,,,fallback
230166,inter_eye,16,,sheep,,,,,,,fallback
230166,inter_eye,17,,sheep,,300.0,210.0,323.0,213.0,23.19,pose
230166,inter_eye,18,,sheep,,,,,,,fallback
230166,inter_eye,19,,sheep,,,,,,,fallback
289393,cross_animal_right_eye,0,2.0,dog,dog,,,,,251.05,
289393,inter_eye,0,,dog,,348.0,250.0,361.0,250.0,13.0,pose
289393,inter_eye,1,,giraffe,,60.0,113.0,,,,pose
289393,inter_eye,2,,dog,,107.0,261.0,110.0,255.0,6.71,pose
289393,inter_eye,3,,bird,,,,,,,fallback
414795,cross_animal_right_eye,0,4.0,elephant,elephant,,,,,277.63,
414795,cross_animal_right_eye,0,5.0,elephant,elephant,,,,,266.81,
414795,cross_animal_right_eye,0,6.0,elephant,elephant,,,,,222.27,
414795,cross_animal_right_eye,0,8.0,elephant,elephant,,,,,199.96,
414795,cross_animal_right_eye,0,10.0,elephant,elephant,,,,,309.18,
414795,cross_animal_right_eye,0,14.0,elephant,elephant,,,,,126.02,
414795,cross_animal_right_eye,0,18.0,elephant,elephant,,,,,457.22,
414795,cross_animal_right_eye,0,19.0,elephant,elephant,,,,,163.52,
414795,cross_animal_right_eye,0,23.0,elephant,elephant,,,,,309.36,
414795,cross_animal_right_eye,4,5.0,elephant,elephant,,,,,141.79,
414795,cross_animal_right_eye,4,6.0,elephant,elephant,,,,,57.25,
414795,cross_animal_right_eye,4,8.0,elephant,elephant,,,,,243.48,
414795,cross_animal_right_eye,4,10.0,elephant,elephant,,,,,117.07,
414795,cross_animal_right_eye,4,14.0,elephant,elephant,,,,,202.71,
414795,cross_animal_right_eye,4,18.0,elephant,elephant,,,,,285.59,
414795,cross_animal_right_eye,4,19.0,elephant,elephant,,,,,165.92,
414795,cross_animal_right_eye,4,23.0,elephant,elephant,,,,,412.69,
414795,cross_animal_right_eye,5,6.0,elephant,elephant,,,,,147.17,
414795,cross_animal_right_eye,5,8.0,elephant,elephant,,,,,132.02,
414795,cross_animal_right_eye,5,10.0,elephant,elephant,,,,,58.05,
414795,cross_animal_right_eye,5,14.0,elephant,elephant,,,,,258.06,
414795,cross_animal_right_eye,5,18.0,elephant,elephant,,,,,194.13,
414795,cross_animal_right_eye,5,19.0,elephant,elephant,,,,,103.77,
414795,cross_animal_right_eye,5,23.0,elephant,elephant,,,,,286.42,
414795,cross_animal_right_eye,6,8.0,elephant,elephant,,,,,218.33,
414795,cross_animal_right_eye,6,10.0,elephant,elephant,,,,,144.9,
414795,cross_animal_right_eye,6,14.0,elephant,elephant,,,,,147.05,
414795,cross_animal_right_eye,6,18.0,elephant,elephant,,,,,319.42,
414795,cross_animal_right_eye,6,19.0,elephant,elephant,,,,,132.25,
414795,cross_animal_right_eye,6,23.0,elephant,elephant,,,,,388.86,
414795,cross_animal_right_eye,8,10.0,elephant,elephant,,,,,190.07,
414795,cross_animal_right_eye,8,14.0,elephant,elephant,,,,,255.57,
414795,cross_animal_right_eye,8,18.0,elephant,elephant,,,,,282.64,
414795,cross_animal_right_eye,8,19.0,elephant,elephant,,,,,88.59,
414795,cross_animal_right_eye,8,23.0,elephant,elephant,,,,,170.66,
414795,cross_animal_right_eye,10,14.0,elephant,elephant,,,,,278.82,
414795,cross_animal_right_eye,10,18.0,elephant,elephant,,,,,174.55,
414795,cross_animal_right_eye,10,19.0,elephant,elephant,,,,,151.53,
414795,cross_animal_right_eye,10,23.0,elephant,elephant,,,,,341.35,
414795,cross_animal_right_eye,14,18.0,elephant,elephant,,,,,449.35,
414795,cross_animal_right_eye,14,19.0,elephant,elephant,,,,,178.76,
414795,cross_animal_right_eye,14,23.0,elephant,elephant,,,,,403.84,
414795,cross_animal_right_eye,18,19.0,elephant,elephant,,,,,294.17,
414795,cross_animal_right_eye,18,23.0,elephant,elephant,,,,,366.0,
414795,cross_animal_right_eye,19,23.0,elephant,elephant,,,,,257.61,
414795,inter_eye,0,,elephant,,,,179.0,119.0,,pose
414795,inter_eye,1,,elephant,,547.0,46.0,,,,pose
414795,inter_eye,2,,elephant,,,,,,,fallback
414795,inter_eye,3,,elephant,,267.0,69.0,,,,pose
414795,inter_eye,4,,elephant,,438.0,155.0,455.0,149.0,18.03,pose
414795,inter_eye,5,,elephant,,,,394.0,277.0,,pose
414795,inter_eye,6,,elephant,,,,401.0,130.0,,pose
414795,inter_eye,7,,elephant,,566.0,426.0,,,,pose
414795,inter_eye,8,,elephant,,,,264.0,300.0,,pose
414795,inter_eye,9,,elephant,,,,,,,fallback
414795,inter_eye,10,,elephant,,,,451.0,266.0,,pose
414795,inter_eye,11,,elephant,,424.0,118.0,,,,pose
414795,inter_eye,12,,elephant,,,,,,,fallback
414795,inter_eye,13,,elephant,,,,,,,fallback
414795,inter_eye,14,,elephant,,278.0,44.0,281.0,45.0,3.16,pose
414795,inter_eye,15,,elephant,,,,,,,fallback
414795,inter_eye,16,,elephant,,,,,,,fallback
414795,inter_eye,17,,elephant,,,,,,,fallback
414795,inter_eye,18,,elephant,,,,516.0,428.0,,pose
414795,inter_eye,19,,elephant,,,,306.0,222.0,,pose
414795,inter_eye,20,,elephant,,,,,,,fallback
414795,inter_eye,21,,elephant,,330.0,62.0,,,,pose
414795,inter_eye,22,,elephant,,,,,,,fallback
414795,inter_eye,23,,elephant,,137.0,427.0,150.0,427.0,13.0,pose
414795,inter_eye,24,,elephant,,,,,,,fallback
414795,inter_eye,25,,elephant,,,,,,,fallback
414795,inter_eye,26,,elephant,,,,,,,fallback
414795,inter_eye,27,,elephant,,435.0,30.0,,,,pose
414795,inter_eye,28,,elephant,,,,,,,fallback
414795,inter_eye,29,,elephant,,481.0,239.0,,,,pose
414795,inter_eye,30,,elephant,,,,,,,fallback
414795,inter_eye,31,,elephant,,603.0,132.0,,,,pose
414795,inter_eye,32,,elephant,,,,,,,fallback
414795,inter_eye,33,,elephant,,,,,,,fallback
414795,inter_eye,34,,elephant,,,,,,,fallback
414795,inter_eye,35,,elephant,,,,,,,fallback
414795,inter_eye,36,,elephant,,,,,,,fallback
414795,inter_eye,37,,elephant,,,,,,,fallback
414795,inter_eye,38,,elephant,,,,,,,fallback
414795,inter_eye,39,,elephant,,,,,,,fallback
414795,inter_eye,40,,elephant,,,,,,,fallback
414795,inter_eye,41,,elephant,,,,,,,fallback
314034,cross_animal_right_eye,4,5.0,cow,cow,,,,,141.69,
314034,cross_animal_right_eye,4,12.0,cow,cow,,,,,81.74,
314034,cross_animal_right_eye,5,12.0,cow,cow,,,,,60.07,
314034,inter_eye,0,,cow,,141.0,247.0,,,,pose
314034,inter_eye,1,,cow,,26.0,232.0,,,,pose
314034,inter_eye,2,,cow,,496.0,237.0,,,,pose
314034,inter_eye,3,,cow,,18.0,217.0,,,,pose
314034,inter_eye,4,,cow,,,,455.0,231.0,,pose
314034,inter_eye,5,,cow,,309.0,244.0,314.0,245.0,5.1,pose
314034,inter_eye,6,,cow,,,,,,,fallback
314034,inter_eye,7,,cow,,,,,,,fallback
314034,inter_eye,8,,cow,,371.0,245.0,,,,pose
314034,inter_eye,9,,cow,,,,,,,fallback
314034,inter_eye,10,,bird,,,,,,,fallback
314034,inter_eye,11,,cow,,316.0,229.0,,,,pose
314034,inter_eye,12,,cow,,369.0,239.0,374.0,242.0,5.83,pose
314034,inter_eye,13,,cow,,109.0,220.0,,,,pose
314034,inter_eye,14,,cow,,,,,,,fallback
314034,inter_eye,15,,cow,,,,,,,fallback
314034,inter_eye,16,,cow,,,,,,,fallback
314034,inter_eye,17,,bird,,,,,,,fallback
314034,inter_eye,18,,cow,,,,,,,fallback
314034,inter_eye,19,,bird,,,,,,,fallback
314034,inter_eye,20,,cow,,,,,,,fallback
314034,inter_eye,21,,bird,,,,,,,fallback
314034,inter_eye,22,,cow,,,,,,,fallback
314034,inter_eye,23,,cow,,,,,,,fallback
63552,cross_animal_right_eye,0,1.0,cat,cat,,,,,3.16,
63552,inter_eye,0,,cat,,414.0,134.0,487.0,144.0,73.68,pose
63552,inter_eye,1,,cat,,414.0,137.0,490.0,143.0,76.24,pose
364166,inter_eye,0,,zebra,,249.0,244.0,,,,pose
364166,inter_eye,1,,zebra,,205.0,112.0,,,,pose
577149,cross_animal_right_eye,0,1.0,zebra,zebra,,,,,415.53,
577149,cross_animal_right_eye,0,3.0,zebra,zebra,,,,,105.04,
577149,cross_animal_right_eye,1,3.0,zebra,zebra,,,,,310.52,
577149,inter_eye,0,,zebra,,525.0,195.0,542.0,196.0,17.03,pose
577149,inter_eye,1,,zebra,,114.0,176.0,127.0,175.0,13.04,pose
577149,inter_eye,2,,zebra,,,,,,,fallback
577149,inter_eye,3,,zebra,,435.0,195.0,437.0,193.0,2.83,pose
577149,inter_eye,4,,zebra,,,,,,,fallback
159977,inter_eye,0,,giraffe,,350.0,73.0,,,,pose
159977,inter_eye,1,,zebra,,,,239.0,241.0,,pose
159977,inter_eye,2,,zebra,,,,,,,fallback
244592,inter_eye,0,,zebra,,,,140.0,192.0,,pose
244592,inter_eye,1,,zebra,,220.0,80.0,,,,pose
64499,cross_animal_right_eye,0,1.0,zebra,zebra,,,,,20.22,
64499,cross_animal_right_eye,0,2.0,zebra,zebra,,,,,19.42,
64499,cross_animal_right_eye,1,2.0,zebra,zebra,,,,,1.41,
64499,inter_eye,0,,zebra,,318.0,242.0,361.0,249.0,43.57,pose
64499,inter_eye,1,,zebra,,312.0,225.0,364.0,229.0,52.15,pose
64499,inter_eye,2,,zebra,,317.0,228.0,365.0,230.0,48.04,pose
560266,cross_animal_right_eye,0,1.0,bear,bear,,,,,71.45,
560266,inter_eye,0,,bear,,315.0,122.0,327.0,126.0,12.65,pose
560266,inter_eye,1,,bear,,,,275.0,77.0,,pose
124636,cross_animal_right_eye,0,2.0,cow,cow,,,,,78.71,
124636,inter_eye,0,,cow,,,,470.0,158.0,,pose
124636,inter_eye,1,,giraffe,,,,,,,fallback
124636,inter_eye,2,,cow,,517.0,198.0,540.0,194.0,23.35,pose
383676,inter_eye,0,,giraffe,,279.0,223.0,,,,pose
383676,inter_eye,1,,giraffe,,,,,,,fallback
244411,cross_animal_right_eye,0,1.0,cow,cow,,,,,160.03,
244411,inter_eye,0,,cow,,202.0,168.0,220.0,172.0,18.44,pose
244411,inter_eye,1,,cow,,367.0,171.0,380.0,169.0,13.15,pose
244411,inter_eye,2,,cow,,,,,,,fallback
244411,inter_eye,3,,cow,,,,,,,fallback
244411,inter_eye,4,,cow,,,,,,,fallback
244411,inter_eye,5,,cow,,,,,,,fallback
244411,inter_eye,6,,cow,,,,,,,fallback
219440,cross_animal_right_eye,0,1.0,cow,cow,,,,,125.16,
219440,inter_eye,0,,cow,,269.0,162.0,309.0,162.0,40.0,pose
219440,inter_eye,1,,cow,,98.0,213.0,193.0,209.0,95.08,pose
219440,inter_eye,2,,cow,,528.0,292.0,,,,pose
219440,inter_eye,3,,cow,,,,,,,fallback
182441,cross_animal_right_eye,11,22.0,bird,bird,,,,,234.55,
182441,inter_eye,0,,bird,,,,,,,fallback
182441,inter_eye,1,,bird,,,,,,,fallback
182441,inter_eye,2,,bird,,,,,,,fallback
182441,inter_eye,3,,bird,,,,,,,fallback
182441,inter_eye,4,,bird,,,,,,,fallback
182441,inter_eye,5,,bird,,,,,,,fallback
182441,inter_eye,6,,bird,,,,,,,fallback
182441,inter_eye,7,,bird,,,,,,,fallback
182441,inter_eye,8,,bird,,,,,,,fallback
182441,inter_eye,9,,bird,,,,,,,fallback
182441,inter_eye,10,,bird,,,,,,,fallback
182441,inter_eye,11,,bird,,296.0,205.0,296.0,205.0,,pose
182441,inter_eye,12,,bird,,,,,,,fallback
182441,inter_eye,13,,bird,,,,,,,fallback
182441,inter_eye,14,,bird,,,,,,,fallback
182441,inter_eye,15,,bird,,,,,,,fallback
182441,inter_eye,16,,bird,,,,,,,fallback
182441,inter_eye,17,,bird,,,,,,,fallback
182441,inter_eye,18,,bird,,,,,,,fallback
182441,inter_eye,19,,bird,,,,,,,fallback
182441,inter_eye,20,,bird,,,,,,,fallback
182441,inter_eye,21,,bird,,,,,,,fallback
182441,inter_eye,22,,bird,,65.0,250.0,66.0,251.0,1.41,pose
182441,inter_eye,23,,bird,,,,,,,fallback
182441,inter_eye,24,,bird,,,,,,,fallback
182441,inter_eye,25,,bird,,,,,,,fallback
182441,inter_eye,26,,bird,,,,,,,fallback
182441,inter_eye,27,,bird,,,,,,,fallback
182441,inter_eye,28,,bird,,,,,,,fallback
182441,inter_eye,29,,bird,,,,,,,fallback
182441,inter_eye,30,,bird,,,,,,,fallback
182441,inter_eye,31,,bird,,,,,,,fallback
562561,inter_eye,0,,dog,,131.0,229.0,152.0,229.0,21.0,pose
562561,inter_eye,1,,dog,,152.0,235.0,,,,pose
562561,inter_eye,2,,horse,,,,,,,fallback
227187,inter_eye,0,,bird,,446.0,207.0,447.0,206.0,1.41,pose
227187,inter_eye,1,,bird,,100.0,199.0,,,,pose
454750,cross_animal_right_eye,0,1.0,zebra,zebra,,,,,198.34,
454750,inter_eye,0,,zebra,,,,373.0,149.0,,pose
454750,inter_eye,1,,zebra,,,,546.0,246.0,,pose
125405,cross_animal_right_eye,0,1.0,dog,cow,,,,,277.36,
125405,cross_animal_right_eye,0,2.0,dog,dog,,,,,277.91,
125405,cross_animal_right_eye,1,2.0,cow,dog,,,,,1.0,
125405,inter_eye,0,,dog,,250.0,208.0,280.0,209.0,30.02,pose
125405,inter_eye,1,,cow,,478.0,58.0,512.0,57.0,34.01,pose
125405,inter_eye,2,,dog,,479.0,57.0,512.0,56.0,33.02,pose
414261,cross_animal_right_eye,0,1.0,bear,bear,,,,,18.38,
414261,inter_eye,0,,bear,,360.0,140.0,389.0,120.0,35.23,pose
414261,inter_eye,1,,bear,,361.0,147.0,406.0,127.0,49.24,pose
5992,cross_animal_right_eye,0,2.0,sheep,sheep,,,,,385.41,
5992,cross_animal_right_eye,0,3.0,sheep,sheep,,,,,414.08,
5992,cross_animal_right_eye,2,3.0,sheep,sheep,,,,,46.75,
5992,inter_eye,0,,sheep,,70.0,166.0,103.0,161.0,33.38,pose
5992,inter_eye,1,,sheep,,,,,,,fallback
5992,inter_eye,2,,sheep,,454.0,213.0,486.0,204.0,33.24,pose
5992,inter_eye,3,,sheep,,459.0,171.0,517.0,169.0,58.03,pose
5992,inter_eye,4,,sheep,,,,,,,fallback
110638,inter_eye,0,,elephant,,285.0,181.0,,,,pose
110638,inter_eye,1,,elephant,,,,57.0,31.0,,pose
110638,inter_eye,2,,elephant,,161.0,152.0,,,,pose
377486,inter_eye,0,,horse,,584.0,44.0,,,,pose
377486,inter_eye,1,,horse,,455.0,159.0,511.0,160.0,56.01,pose
528862,inter_eye,0,,giraffe,,178.0,172.0,,,,pose
528862,inter_eye,1,,giraffe,,267.0,158.0,,,,pose
528862,inter_eye,2,,giraffe,,,,,,,fallback
528862,inter_eye,3,,giraffe,,,,,,,fallback
528862,inter_eye,4,,giraffe,,,,365.0,169.0,,pose
528862,inter_eye,5,,giraffe,,,,,,,fallback
528862,inter_eye,6,,bird,,,,,,,fallback
389316,cross_animal_right_eye,0,1.0,elephant,elephant,,,,,290.48,
389316,inter_eye,0,,elephant,,,,477.0,110.0,,pose
389316,inter_eye,1,,elephant,,136.0,172.0,193.0,171.0,57.01,pose
543581,inter_eye,0,,dog,,327.0,146.0,337.0,146.0,10.0,pose
543581,inter_eye,1,,dog,,494.0,340.0,,,,pose
543581,inter_eye,2,,cat,,496.0,341.0,,,,pose
335450,cross_animal_right_eye,0,2.0,horse,horse,,,,,168.08,
335450,cross_animal_right_eye,0,3.0,horse,horse,,,,,184.71,
335450,cross_animal_right_eye,2,3.0,horse,horse,,,,,16.64,
335450,inter_eye,0,,horse,,330.0,87.0,377.0,88.0,47.01,pose
335450,inter_eye,1,,cow,,,,,,,fallback
335450,inter_eye,2,,horse,,267.0,235.0,292.0,233.0,25.08,pose
335450,inter_eye,3,,horse,,265.0,244.0,283.0,247.0,18.25,pose
118594,cross_animal_right_eye,0,1.0,cow,cow,,,,,11.66,
118594,inter_eye,0,,cow,,251.0,260.0,266.0,261.0,15.03,pose
118594,inter_eye,1,,cow,,248.0,273.0,272.0,271.0,24.08,pose
118594,inter_eye,2,,cow,,,,,,,fallback
478393,inter_eye,0,,cat,,221.0,424.0,241.0,424.0,20.0,pose
478393,inter_eye,1,,cat,,158.0,199.0,,,,pose
23034,cross_animal_right_eye,0,1.0,horse,horse,,,,,42.11,
23034,inter_eye,0,,horse,,307.0,214.0,317.0,215.0,10.05,pose
23034,inter_eye,1,,horse,,272.0,219.0,275.0,218.0,3.16,pose
346905,cross_animal_right_eye,0,1.0,elephant,elephant,,,,,392.75,
346905,cross_animal_right_eye,0,2.0,elephant,elephant,,,,,266.92,
346905,cross_animal_right_eye,1,2.0,elephant,elephant,,,,,266.2,
346905,inter_eye,0,,elephant,,444.0,101.0,571.0,109.0,127.25,pose
346905,inter_eye,1,,elephant,,88.0,146.0,180.0,146.0,92.0,pose
346905,inter_eye,2,,elephant,,359.0,309.0,392.0,307.0,33.06,pose
504439,cross_animal_right_eye,0,1.0,zebra,zebra,,,,,213.94,
504439,inter_eye,0,,zebra,,125.0,115.0,178.0,116.0,53.01,pose
504439,inter_eye,1,,zebra,,388.0,135.0,391.0,136.0,3.16,pose
560880,cross_animal_right_eye,0,1.0,horse,horse,,,,,73.35,
560880,inter_eye,0,,horse,,223.0,287.0,241.0,285.0,18.11,pose
560880,inter_eye,1,,horse,,149.0,298.0,169.0,299.0,20.02,pose
560880,inter_eye,2,,horse,,,,,,,fallback
560880,inter_eye,3,,cow,,,,,,,fallback
364322,cross_animal_right_eye,1,2.0,sheep,sheep,,,,,513.97,
364322,cross_animal_right_eye,1,4.0,sheep,sheep,,,,,401.8,
364322,cross_animal_right_eye,1,5.0,sheep,sheep,,,,,207.14,
364322,cross_animal_right_eye,1,6.0,sheep,sheep,,,,,87.92,
364322,cross_animal_right_eye,1,7.0,sheep,sheep,,,,,152.59,
364322,cross_animal_right_eye,1,8.0,sheep,sheep,,,,,198.54,
364322,cross_animal_right_eye,1,10.0,sheep,sheep,,,,,515.06,
364322,cross_animal_right_eye,1,11.0,sheep,bear,,,,,503.09,
364322,cross_animal_right_eye,1,12.0,sheep,sheep,,,,,115.0,
364322,cross_animal_right_eye,1,13.0,sheep,sheep,,,,,209.76,
364322,cross_animal_right_eye,1,14.0,sheep,sheep,,,,,352.09,
364322,cross_animal_right_eye,1,15.0,sheep,sheep,,,,,487.09,
364322,cross_animal_right_eye,1,16.0,sheep,sheep,,,,,488.0,
364322,cross_animal_right_eye,1,17.0,sheep,sheep,,,,,477.6,
364322,cross_animal_right_eye,1,18.0,sheep,sheep,,,,,338.9,
364322,cross_animal_right_eye,1,19.0,sheep,sheep,,,,,478.65,
364322,cross_animal_right_eye,2,4.0,sheep,sheep,,,,,319.51,
364322,cross_animal_right_eye,2,5.0,sheep,sheep,,,,,373.57,
364322,cross_animal_right_eye,2,6.0,sheep,sheep,,,,,429.07,
364322,cross_animal_right_eye,2,7.0,sheep,sheep,,,,,416.92,
364322,cross_animal_right_eye,2,8.0,sheep,sheep,,,,,367.05,
364322,cross_animal_right_eye,2,10.0,sheep,sheep,,,,,247.95,
364322,cross_animal_right_eye,2,11.0,sheep,bear,,,,,29.43,
364322,cross_animal_right_eye,2,12.0,sheep,sheep,,,,,407.91,
364322,cross_animal_right_eye,2,13.0,sheep,sheep,,,,,379.32,
364322,cross_animal_right_eye,2,14.0,sheep,sheep,,,,,180.65,
364322,cross_animal_right_eye,2,15.0,sheep,sheep,,,,,223.14,
364322,cross_animal_right_eye,2,16.0,sheep,sheep,,,,,198.15,
364322,cross_animal_right_eye,2,17.0,sheep,sheep,,,,,260.1,
364322,cross_animal_right_eye,2,18.0,sheep,sheep,,,,,217.48,
364322,cross_animal_right_eye,2,19.0,sheep,sheep,,,,,225.34,
364322,cross_animal_right_eye,4,5.0,sheep,sheep,,,,,407.0,
364322,cross_animal_right_eye,4,6.0,sheep,sheep,,,,,324.0,
364322,cross_animal_right_eye,4,7.0,sheep,sheep,,,,,250.2,
364322,cross_animal_right_eye,4,8.0,sheep,sheep,,,,,391.37,
364322,cross_animal_right_eye,4,10.0,sheep,sheep,,,,,140.8,
364322,cross_animal_right_eye,4,11.0,sheep,bear,,,,,291.23,
364322,cross_animal_right_eye,4,12.0,sheep,sheep,,,,,355.61,
364322,cross_animal_right_eye,4,13.0,sheep,sheep,,,,,415.6,
364322,cross_animal_right_eye,4,14.0,sheep,sheep,,,,,186.32,
364322,cross_animal_right_eye,4,15.0,sheep,sheep,,,,,130.73,
364322,cross_animal_right_eye,4,16.0,sheep,sheep,,,,,149.25,
364322,cross_animal_right_eye,4,17.0,sheep,sheep,,,,,98.86,
364322,cross_animal_right_eye,4,18.0,sheep,sheep,,,,,146.49,
364322,cross_animal_right_eye,4,19.0,sheep,sheep,,,,,122.61,
364322,cross_animal_right_eye,5,6.0,sheep,sheep,,,,,167.76,
364322,cross_animal_right_eye,5,7.0,sheep,sheep,,,,,238.88,
364322,cross_animal_right_eye,5,8.0,sheep,sheep,,,,,16.4,
364322,cross_animal_right_eye,5,10.0,sheep,sheep,,,,,470.55,
364322,cross_animal_right_eye,5,11.0,sheep,bear,,,,,373.08,
364322,cross_animal_right_eye,5,12.0,sheep,sheep,,,,,104.02,
364322,cross_animal_right_eye,5,13.0,sheep,sheep,,,,,8.6,
364322,cross_animal_right_eye,5,14.0,sheep,sheep,,,,,266.55,
364322,cross_animal_right_eye,5,15.0,sheep,sheep,,,,,436.74,
364322,cross_animal_right_eye,5,16.0,sheep,sheep,,,,,426.89,
364322,cross_animal_right_eye,5,17.0,sheep,sheep,,,,,444.62,
364322,cross_animal_right_eye,5,18.0,sheep,sheep,,,,,281.16,
364322,cross_animal_right_eye,5,19.0,sheep,sheep,,,,,430.39,
364322,cross_animal_right_eye,6,7.0,sheep,sheep,,,,,87.97,
364322,cross_animal_right_eye,6,8.0,sheep,sheep,,,,,154.12,
364322,cross_animal_right_eye,6,10.0,sheep,sheep,,,,,430.34,
364322,cross_animal_right_eye,6,11.0,sheep,bear,,,,,417.0,
364322,cross_animal_right_eye,6,12.0,sheep,sheep,,,,,64.54,
364322,cross_animal_right_eye,6,13.0,sheep,sheep,,,,,173.53,
364322,cross_animal_right_eye,6,14.0,sheep,sheep,,,,,264.32,
364322,cross_animal_right_eye,6,15.0,sheep,sheep,,,,,401.44,
364322,cross_animal_right_eye,6,16.0,sheep,sheep,,,,,401.36,
364322,cross_animal_right_eye,6,17.0,sheep,sheep,,,,,394.03,
364322,cross_animal_right_eye,6,18.0,sheep,sheep,,,,,251.27,
364322,cross_animal_right_eye,6,19.0,sheep,sheep,,,,,393.15,
364322,cross_animal_right_eye,7,8.0,sheep,sheep,,,,,223.27,
364322,cross_animal_right_eye,7,10.0,sheep,sheep,,,,,370.47,
364322,cross_animal_right_eye,7,11.0,sheep,bear,,,,,399.55,
364322,cross_animal_right_eye,7,12.0,sheep,sheep,,,,,144.78,
364322,cross_animal_right_eye,7,13.0,sheep,sheep,,,,,246.05,
364322,cross_animal_right_eye,7,14.0,sheep,sheep,,,,,238.53,
364322,cross_animal_right_eye,7,15.0,sheep,sheep,,,,,345.21,
364322,cross_animal_right_eye,7,16.0,sheep,sheep,,,,,349.79,
364322,cross_animal_right_eye,7,17.0,sheep,sheep,,,,,331.11,
364322,cross_animal_right_eye,7,18.0,sheep,sheep,,,,,212.17,
364322,cross_animal_right_eye,7,19.0,sheep,sheep,,,,,336.44,
364322,cross_animal_right_eye,8,10.0,sheep,sheep,,,,,457.02,
364322,cross_animal_right_eye,8,11.0,sheep,bear,,,,,365.38,
364322,cross_animal_right_eye,8,12.0,sheep,sheep,,,,,91.35,
364322,cross_animal_right_eye,8,13.0,sheep,sheep,,,,,24.76,
364322,cross_animal_right_eye,8,14.0,sheep,sheep,,,,,253.97,
364322,cross_animal_right_eye,8,15.0,sheep,sheep,,,,,423.36,
364322,cross_animal_right_eye,8,16.0,sheep,sheep,,,,,414.05,
364322,cross_animal_right_eye,8,17.0,sheep,sheep,,,,,430.44,
364322,cross_animal_right_eye,8,18.0,sheep,sheep,,,,,267.09,
364322,cross_animal_right_eye,8,19.0,sheep,sheep,,,,,416.87,
364322,cross_animal_right_eye,10,11.0,sheep,bear,,,,,218.98,
364322,cross_animal_right_eye,10,12.0,sheep,sheep,,,,,446.38,
364322,cross_animal_right_eye,10,13.0,sheep,sheep,,,,,478.78,
364322,cross_animal_right_eye,10,14.0,sheep,sheep,,,,,206.25,
364322,cross_animal_right_eye,10,15.0,sheep,sheep,,,,,34.48,
364322,cross_animal_right_eye,10,16.0,sheep,sheep,,,,,53.41,
364322,cross_animal_right_eye,10,17.0,sheep,sheep,,,,,42.19,
364322,cross_animal_right_eye,10,18.0,sheep,sheep,,,,,190.91,
364322,cross_animal_right_eye,10,19.0,sheep,sheep,,,,,40.16,
364322,cross_animal_right_eye,11,12.0,bear,sheep,,,,,399.96,
364322,cross_animal_right_eye,11,13.0,bear,sheep,,,,,379.31,
364322,cross_animal_right_eye,11,14.0,bear,sheep,,,,,161.32,
364322,cross_animal_right_eye,11,15.0,bear,sheep,,,,,193.79,
364322,cross_animal_right_eye,11,16.0,bear,sheep,,,,,168.83,
364322,cross_animal_right_eye,11,17.0,bear,sheep,,,,,230.67,
364322,cross_animal_right_eye,11,18.0,bear,sheep,,,,,195.26,
364322,cross_animal_right_eye,11,19.0,bear,sheep,,,,,195.92,
364322,cross_animal_right_eye,12,13.0,sheep,sheep,,,,,109.37,
364322,cross_animal_right_eye,12,14.0,sheep,sheep,,,,,260.25,
364322,cross_animal_right_eye,12,15.0,sheep,sheep,,,,,415.01,
364322,cross_animal_right_eye,12,16.0,sheep,sheep,,,,,411.02,
364322,cross_animal_right_eye,12,17.0,sheep,sheep,,,,,413.63,
364322,cross_animal_right_eye,12,18.0,sheep,sheep,,,,,258.02,
364322,cross_animal_right_eye,12,19.0,sheep,sheep,,,,,407.34,
364322,cross_animal_right_eye,13,14.0,sheep,sheep,,,,,274.55,
364322,cross_animal_right_eye,13,15.0,sheep,sheep,,,,,444.94,
364322,cross_animal_right_eye,13,16.0,sheep,sheep,,,,,434.94,
364322,cross_animal_right_eye,13,17.0,sheep,sheep,,,,,453.01,
364322,cross_animal_right_eye,13,18.0,sheep,sheep,,,,,289.54,
364322,cross_animal_right_eye,13,19.0,sheep,sheep,,,,,438.62,
364322,cross_animal_right_eye,14,15.0,sheep,sheep,,,,,171.9,
364322,cross_animal_right_eye,14,16.0,sheep,sheep,,,,,160.44,
364322,cross_animal_right_eye,14,17.0,sheep,sheep,,,,,186.23,
364322,cross_animal_right_eye,14,18.0,sheep,sheep,,,,,44.01,
364322,cross_animal_right_eye,14,19.0,sheep,sheep,,,,,166.36,
364322,cross_animal_right_eye,15,16.0,sheep,sheep,,,,,25.18,
364322,cross_animal_right_eye,15,17.0,sheep,sheep,,,,,39.46,
364322,cross_animal_right_eye,15,18.0,sheep,sheep,,,,,158.15,
364322,cross_animal_right_eye,15,19.0,sheep,sheep,,,,,8.94,
364322,cross_animal_right_eye,16,17.0,sheep,sheep,,,,,64.07,
364322,cross_animal_right_eye,16,18.0,sheep,sheep,,,,,153.0,
364322,cross_animal_right_eye,16,19.0,sheep,sheep,,,,,29.43,
364322,cross_animal_right_eye,17,18.0,sheep,sheep,,,,,163.48,
364322,cross_animal_right_eye,17,19.0,sheep,sheep,,,,,35.06,
364322,cross_animal_right_eye,18,19.0,sheep,sheep,,,,,151.01,
364322,inter_eye,0,,sheep,,9.0,139.0,,,,pose
364322,inter_eye,1,,sheep,,85.0,53.0,95.0,52.0,10.05,pose
364322,inter_eye,2,,sheep,,,,526.0,332.0,,pose
364322,inter_eye,3,,sheep,,,,,,,fallback
364322,inter_eye,4,,sheep,,486.0,16.0,495.0,14.0,9.22,pose
364322,inter_eye,5,,sheep,,,,162.0,248.0,,pose
364322,inter_eye,6,,sheep,,154.0,80.0,178.0,81.0,24.02,pose
364322,inter_eye,7,,sheep,,233.0,22.0,245.0,24.0,12.17,pose
364322,inter_eye,8,,sheep,,138.0,255.0,172.0,235.0,39.45,pose
364322,inter_eye,9,,sheep,,,,,,,fallback
364322,inter_eye,10,,sheep,,,,608.0,98.0,,pose
364322,inter_eye,11,,bear,,483.0,319.0,531.0,303.0,50.6,pose
364322,inter_eye,12,,sheep,,134.0,140.0,164.0,144.0,30.27,pose
364322,inter_eye,13,,sheep,,,,155.0,253.0,,pose
364322,inter_eye,14,,sheep,,,,421.0,185.0,,pose
364322,inter_eye,15,,sheep,,553.0,118.0,578.0,115.0,25.18,pose
364322,inter_eye,16,,sheep,,556.0,148.0,575.0,140.0,20.62,pose
364322,inter_eye,17,,sheep,,558.0,76.0,572.0,76.0,14.0,pose
364322,inter_eye,18,,sheep,,396.0,143.0,422.0,141.0,26.08,pose
364322,inter_eye,19,,sheep,,539.0,115.0,570.0,111.0,31.26,pose
389532,inter_eye,0,,bird,,,,,,,fallback
389532,inter_eye,1,,bird,,,,,,,fallback
122969,cross_animal_right_eye,0,2.0,zebra,zebra,,,,,42.11,
122969,cross_animal_right_eye,0,4.0,zebra,zebra,,,,,32.06,
122969,cross_animal_right_eye,2,4.0,zebra,zebra,,,,,11.18,
122969,inter_eye,0,,zebra,,,,323.0,153.0,,pose
122969,inter_eye,1,,zebra,,,,,,,fallback
122969,inter_eye,2,,zebra,,,,326.0,111.0,,pose
122969,inter_eye,3,,zebra,,,,,,,fallback
122969,inter_eye,4,,zebra,,,,321.0,121.0,,pose
552612,inter_eye,0,,sheep,,223.0,380.0,,,,pose
552612,inter_eye,1,,sheep,,119.0,316.0,,,,pose
552612,inter_eye,2,,sheep,,,,,,,fallback
552612,inter_eye,3,,sheep,,310.0,296.0,,,,pose
552612,inter_eye,4,,sheep,,67.0,312.0,,,,pose
552612,inter_eye,5,,sheep,,,,,,,fallback
552612,inter_eye,6,,sheep,,,,,,,fallback
552612,inter_eye,7,,sheep,,489.0,397.0,,,,pose
552612,inter_eye,8,,cow,,489.0,397.0,,,,pose
552612,inter_eye,9,,sheep,,,,,,,fallback
552612,inter_eye,10,,sheep,,,,,,,fallback
580418,cross_animal_right_eye,0,1.0,cow,cow,,,,,371.84,
580418,cross_animal_right_eye,0,2.0,cow,cow,,,,,370.06,
580418,cross_animal_right_eye,1,2.0,cow,cow,,,,,14.32,
580418,inter_eye,0,,cow,,459.0,275.0,503.0,277.0,44.05,pose
580418,inter_eye,1,,cow,,84.0,290.0,132.0,302.0,49.48,pose
580418,inter_eye,2,,cow,,92.0,294.0,135.0,316.0,48.3,pose
65288,inter_eye,0,,dog,,226.0,229.0,237.0,233.0,11.7,pose
65288,inter_eye,1,,cat,,234.0,234.0,,,,pose
269196,cross_animal_right_eye,0,1.0,sheep,sheep,,,,,258.63,
269196,cross_animal_right_eye,0,2.0,sheep,sheep,,,,,262.01,
269196,cross_animal_right_eye,0,3.0,sheep,sheep,,,,,235.85,
269196,cross_animal_right_eye,0,4.0,sheep,sheep,,,,,251.54,
269196,cross_animal_right_eye,0,6.0,sheep,sheep,,,,,12.73,
269196,cross_animal_right_eye,0,7.0,sheep,sheep,,,,,111.31,
269196,cross_animal_right_eye,0,8.0,sheep,sheep,,,,,2.0,
269196,cross_animal_right_eye,0,9.0,sheep,sheep,,,,,177.29,
269196,cross_animal_right_eye,0,10.0,sheep,sheep,,,,,430.79,
269196,cross_animal_right_eye,0,11.0,sheep,sheep,,,,,228.95,
269196,cross_animal_right_eye,0,12.0,sheep,sheep,,,,,31.26,
269196,cross_animal_right_eye,1,2.0,sheep,sheep,,,,,5.83,
269196,cross_animal_right_eye,1,3.0,sheep,sheep,,,,,87.66,
269196,cross_animal_right_eye,1,4.0,sheep,sheep,,,,,76.12,
269196,cross_animal_right_eye,1,6.0,sheep,sheep,,,,,250.46,
269196,cross_animal_right_eye,1,7.0,sheep,sheep,,,,,325.25,
269196,cross_animal_right_eye,1,8.0,sheep,sheep,,,,,258.77,
269196,cross_animal_right_eye,1,9.0,sheep,sheep,,,,,105.44,
269196,cross_animal_right_eye,1,10.0,sheep,sheep,,,,,177.54,
269196,cross_animal_right_eye,1,11.0,sheep,sheep,,,,,82.29,
269196,cross_animal_right_eye,1,12.0,sheep,sheep,,,,,289.84,
269196,cross_animal_right_eye,2,3.0,sheep,sheep,,,,,93.41,
269196,cross_animal_right_eye,2,4.0,sheep,sheep,,,,,81.58,
269196,cross_animal_right_eye,2,6.0,sheep,sheep,,,,,254.02,
269196,cross_animal_right_eye,2,7.0,sheep,sheep,,,,,327.02,
269196,cross_animal_right_eye,2,8.0,sheep,sheep,,,,,262.19,
269196,cross_animal_right_eye,2,9.0,sheep,sheep,,,,,110.8,
269196,cross_animal_right_eye,2,10.0,sheep,sheep,,,,,175.96,
269196,cross_animal_right_eye,2,11.0,sheep,sheep,,,,,88.1,
269196,cross_animal_right_eye,2,12.0,sheep,sheep,,,,,293.25,
269196,cross_animal_right_eye,3,4.0,sheep,sheep,,,,,19.31,
269196,cross_animal_right_eye,3,6.0,sheep,sheep,,,,,224.83,
269196,cross_animal_right_eye,3,7.0,sheep,sheep,,,,,326.35,
269196,cross_animal_right_eye,3,8.0,sheep,sheep,,,,,235.31,
269196,cross_animal_right_eye,3,9.0,sheep,sheep,,,,,58.87,
269196,cross_animal_right_eye,3,10.0,sheep,sheep,,,,,206.53,
269196,cross_animal_right_eye,3,11.0,sheep,sheep,,,,,9.43,
269196,cross_animal_right_eye,3,12.0,sheep,sheep,,,,,264.88,
269196,cross_animal_right_eye,4,6.0,sheep,sheep,,,,,240.83,
269196,cross_animal_right_eye,4,7.0,sheep,sheep,,,,,338.99,
269196,cross_animal_right_eye,4,8.0,sheep,sheep,,,,,251.1,
269196,cross_animal_right_eye,4,9.0,sheep,sheep,,,,,74.33,
269196,cross_animal_right_eye,4,10.0,sheep,sheep,,,,,187.58,
269196,cross_animal_right_eye,4,11.0,sheep,sheep,,,,,23.02,
269196,cross_animal_right_eye,4,12.0,sheep,sheep,,,,,281.04,
269196,cross_animal_right_eye,6,7.0,sheep,sheep,,,,,123.71,
269196,cross_animal_right_eye,6,8.0,sheep,sheep,,,,,11.4,
269196,cross_animal_right_eye,6,9.0,sheep,sheep,,,,,166.51,
269196,cross_animal_right_eye,6,10.0,sheep,sheep,,,,,421.34,
269196,cross_animal_right_eye,6,11.0,sheep,sheep,,,,,218.12,
269196,cross_animal_right_eye,6,12.0,sheep,sheep,,,,,40.31,
269196,cross_animal_right_eye,7,8.0,sheep,sheep,,,,,113.02,
269196,cross_animal_right_eye,7,9.0,sheep,sheep,,,,,268.22,
269196,cross_animal_right_eye,7,10.0,sheep,sheep,,,,,502.78,
269196,cross_animal_right_eye,7,11.0,sheep,sheep,,,,,318.12,
269196,cross_animal_right_eye,7,12.0,sheep,sheep,,,,,102.62,
269196,cross_animal_right_eye,8,9.0,sheep,sheep,,,,,176.82,
269196,cross_animal_right_eye,8,10.0,sheep,sheep,,,,,430.67,
269196,cross_animal_right_eye,8,11.0,sheep,sheep,,,,,228.47,
269196,cross_animal_right_eye,8,12.0,sheep,sheep,,,,,31.06,
269196,cross_animal_right_eye,9,10.0,sheep,sheep,,,,,258.56,
269196,cross_animal_right_eye,9,11.0,sheep,sheep,,,,,51.66,
269196,cross_animal_right_eye,9,12.0,sheep,sheep,,,,,206.71,
269196,cross_animal_right_eye,10,11.0,sheep,sheep,,,,,210.15,
269196,cross_animal_right_eye,10,12.0,sheep,sheep,,,,,461.52,
269196,cross_animal_right_eye,11,12.0,sheep,sheep,,,,,258.29,
269196,inter_eye,0,,sheep,,76.0,160.0,120.0,174.0,46.17,pose
269196,inter_eye,1,,sheep,,340.0,152.0,378.0,156.0,38.21,pose
269196,inter_eye,2,,sheep,,340.0,152.0,381.0,151.0,41.01,pose
269196,inter_eye,3,,sheep,,293.0,239.0,347.0,238.0,54.01,pose
269196,inter_eye,4,,sheep,,286.0,232.0,365.0,231.0,79.01,pose
269196,inter_eye,5,,sheep,,,,,,,fallback
269196,inter_eye,6,,sheep,,119.0,181.0,129.0,183.0,10.2,pose
269196,inter_eye,7,,sheep,,41.0,79.0,62.0,79.0,21.0,pose
269196,inter_eye,8,,sheep,,77.0,166.0,120.0,176.0,44.15,pose
269196,inter_eye,9,,sheep,,,,292.0,217.0,,pose
269196,inter_eye,10,,sheep,,474.0,195.0,550.0,200.0,76.16,pose
269196,inter_eye,11,,sheep,,284.0,239.0,342.0,230.0,58.69,pose
269196,inter_eye,12,,sheep,,70.0,177.0,89.0,178.0,19.03,pose
473015,inter_eye,0,,bird,,,,,,,fallback
473015,inter_eye,1,,bird,,,,265.0,160.0,,pose
473015,inter_eye,2,,bird,,,,,,,fallback
58384,inter_eye,0,,elephant,,,,,,,fallback
58384,inter_eye,1,,elephant,,,,,,,fallback
58384,inter_eye,2,,elephant,,,,,,,fallback
58384,inter_eye,3,,cow,,,,,,,fallback
229948,cross_animal_right_eye,0,2.0,horse,horse,,,,,2.24,
229948,inter_eye,0,,horse,,496.0,136.0,524.0,141.0,28.44,pose
229948,inter_eye,1,,horse,,,,,,,fallback
229948,inter_eye,2,,horse,,499.0,145.0,523.0,139.0,24.74,pose
229948,inter_eye,3,,horse,,,,,,,fallback
229948,inter_eye,4,,horse,,,,,,,fallback
286994,inter_eye,0,,elephant,,,,,,,fallback
286994,inter_eye,1,,elephant,,119.0,233.0,,,,pose
286994,inter_eye,2,,elephant,,500.0,235.0,,,,pose
286994,inter_eye,3,,elephant,,20.0,229.0,20.0,229.0,,pose
286994,inter_eye,4,,elephant,,,,,,,fallback
286994,inter_eye,5,,elephant,,,,,,,fallback
286994,inter_eye,6,,elephant,,58.0,239.0,,,,pose
286994,inter_eye,7,,elephant,,,,,,,fallback
60823,cross_animal_right_eye,1,4.0,cow,cow,,,,,454.36,
60823,cross_animal_right_eye,1,7.0,cow,bird,,,,,144.55,
60823,cross_animal_right_eye,1,8.0,cow,bird,,,,,230.87,
60823,cross_animal_right_eye,1,10.0,cow,bird,,,,,341.92,
60823,cross_animal_right_eye,1,11.0,cow,bird,,,,,289.83,
60823,cross_animal_right_eye,1,16.0,cow,cow,,,,,466.15,
60823,cross_animal_right_eye,1,19.0,cow,bird,,,,,522.46,
60823,cross_animal_right_eye,1,20.0,cow,bird,,,,,223.67,
60823,cross_animal_right_eye,1,22.0,cow,bird,,,,,527.18,
60823,cross_animal_right_eye,1,24.0,cow,bird,,,,,183.9,
60823,cross_animal_right_eye,4,7.0,cow,bird,,,,,435.44,
60823,cross_animal_right_eye,4,8.0,cow,bird,,,,,306.37,
60823,cross_animal_right_eye,4,10.0,cow,bird,,,,,163.81,
60823,cross_animal_right_eye,4,11.0,cow,bird,,,,,244.66,
60823,cross_animal_right_eye,4,16.0,cow,cow,,,,,32.31,
60823,cross_animal_right_eye,4,19.0,cow,bird,,,,,103.73,
60823,cross_animal_right_eye,4,20.0,cow,bird,,,,,251.03,
60823,cross_animal_right_eye,4,22.0,cow,bird,,,,,109.29,
60823,cross_animal_right_eye,4,24.0,cow,bird,,,,,339.0,
60823,cross_animal_right_eye,7,8.0,bird,bird,,,,,313.34,
60823,cross_animal_right_eye,7,10.0,bird,bird,,,,,287.09,
60823,cross_animal_right_eye,7,11.0,bird,bird,,,,,212.24,
60823,cross_animal_right_eye,7,16.0,bird,cow,,,,,456.07,
60823,cross_animal_right_eye,7,19.0,bird,bird,,,,,477.36,
60823,cross_animal_right_eye,7,20.0,bird,bird,,,,,185.05,
60823,cross_animal_right_eye,7,22.0,bird,bird,,,,,481.07,
60823,cross_animal_right_eye,7,24.0,bird,bird,,,,,97.87,
60823,cross_animal_right_eye,8,10.0,bird,bird,,,,,282.77,
60823,cross_animal_right_eye,8,11.0,bird,bird,,,,,290.27,
60823,cross_animal_right_eye,8,16.0,bird,cow,,,,,303.59,
60823,cross_animal_right_eye,8,19.0,bird,bird,,,,,402.02,
60823,cross_animal_right_eye,8,20.0,bird,bird,,,,,212.14,
60823,cross_animal_right_eye,8,22.0,bird,bird,,,,,407.61,
60823,cross_animal_right_eye,8,24.0,bird,bird,,,,,266.73,
60823,cross_animal_right_eye,10,11.0,bird,bird,,,,,81.86,
60823,cross_animal_right_eye,10,16.0,bird,cow,,,,,192.0,
60823,cross_animal_right_eye,10,19.0,bird,bird,,,,,190.32,
60823,cross_animal_right_eye,10,20.0,bird,bird,,,,,118.27,
60823,cross_animal_right_eye,10,22.0,bird,bird,,,,,194.13,
60823,cross_animal_right_eye,10,24.0,bird,bird,,,,,189.38,
60823,cross_animal_right_eye,11,16.0,bird,cow,,,,,271.6,
60823,cross_animal_right_eye,11,19.0,bird,bird,,,,,267.98,
60823,cross_animal_right_eye,11,20.0,bird,bird,,,,,82.3,
60823,cross_animal_right_eye,11,22.0,bird,bird,,,,,271.27,
60823,cross_animal_right_eye,11,24.0,bird,bird,,,,,117.28,
60823,cross_animal_right_eye,16,19.0,cow,bird,,,,,124.79,
60823,cross_animal_right_eye,16,20.0,cow,bird,,,,,271.03,
60823,cross_animal_right_eye,16,22.0,cow,bird,,,,,130.0,
60823,cross_animal_right_eye,16,24.0,cow,bird,,,,,360.85,
60823,cross_animal_right_eye,19,20.0,bird,bird,,,,,303.2,
60823,cross_animal_right_eye,19,22.0,bird,bird,,,,,5.66,
60823,cross_animal_right_eye,19,24.0,bird,bird,,,,,379.7,
60823,cross_animal_right_eye,20,22.0,bird,bird,,,,,307.57,
60823,cross_animal_right_eye,20,24.0,bird,bird,,,,,91.81,
60823,cross_animal_right_eye,22,24.0,bird,bird,,,,,383.47,
60823,inter_eye,0,,cow,,422.0,156.0,,,,pose
60823,inter_eye,1,,cow,,584.0,305.0,606.0,309.0,22.36,pose
60823,inter_eye,2,,bird,,,,,,,fallback
60823,inter_eye,3,,bird,,316.0,215.0,,,,pose
60823,inter_eye,4,,cow,,,,152.0,327.0,,pose
60823,inter_eye,5,,bird,,500.0,96.0,,,,pose
60823,inter_eye,6,,bird,,,,,,,fallback
60823,inter_eye,7,,bird,,567.0,448.0,570.0,449.0,3.16,pose
60823,inter_eye,8,,bird,,,,418.0,175.0,,pose
60823,inter_eye,9,,bird,,,,,,,fallback
60823,inter_eye,10,,bird,,283.0,423.0,284.0,424.0,1.41,pose
60823,inter_eye,11,,bird,,356.0,457.0,358.0,459.0,2.83,pose
60823,inter_eye,12,,bird,,,,,,,fallback
60823,inter_eye,13,,bird,,538.0,408.0,,,,pose
60823,inter_eye,14,,bird,,,,,,,fallback
60823,inter_eye,15,,bird,,,,,,,fallback
60823,inter_eye,16,,cow,,,,140.0,297.0,,pose
60823,inter_eye,17,,bird,,251.0,145.0,,,,pose
60823,inter_eye,18,,bird,,,,,,,fallback
60823,inter_eye,19,,bird,,89.0,413.0,94.0,413.0,5.0,pose
60823,inter_eye,20,,bird,,394.0,386.0,396.0,386.0,2.0,pose
60823,inter_eye,21,,bird,,,,,,,fallback
60823,inter_eye,22,,bird,,87.0,416.0,90.0,417.0,3.16,pose
60823,inter_eye,23,,bird,,,,,,,fallback
60823,inter_eye,24,,bird,,473.0,435.0,473.0,436.0,1.0,pose
60823,inter_eye,25,,bird,,,,,,,fallback
60823,inter_eye,26,,bird,,,,,,,fallback
60823,inter_eye,27,,bird,,,,,,,fallback
60823,inter_eye,28,,bird,,,,,,,fallback
60823,inter_eye,29,,bird,,248.0,252.0,,,,pose
60823,inter_eye,30,,bird,,,,,,,fallback
306582,inter_eye,0,,cow,,,,,,,fallback
306582,inter_eye,1,,cow,,,,,,,fallback
306582,inter_eye,2,,cow,,,,,,,fallback
306582,inter_eye,3,,cow,,,,553.0,269.0,,pose
306582,inter_eye,4,,cow,,,,,,,fallback
306582,inter_eye,5,,horse,,,,,,,fallback
306582,inter_eye,6,,cow,,,,,,,fallback
306582,inter_eye,7,,cow,,,,,,,fallback
306582,inter_eye,8,,cow,,,,,,,fallback
306582,inter_eye,9,,cow,,,,,,,fallback
217948,inter_eye,0,,bear,,246.0,309.0,,,,pose
217948,inter_eye,1,,bear,,300.0,185.0,,,,pose
217948,inter_eye,2,,bear,,,,,,,fallback
217948,inter_eye,3,,bear,,313.0,149.0,,,,pose
229858,cross_animal_right_eye,0,1.0,giraffe,giraffe,,,,,28.3,
229858,inter_eye,0,,giraffe,,322.0,287.0,337.0,286.0,15.03,pose
229858,inter_eye,1,,giraffe,,276.0,255.0,322.0,262.0,46.53,pose
507042,cross_animal_right_eye,0,1.0,giraffe,giraffe,,,,,322.8,
507042,inter_eye,0,,giraffe,,89.0,411.0,145.0,438.0,62.17,pose
507042,inter_eye,1,,giraffe,,,,339.0,180.0,,pose
507042,inter_eye,2,,giraffe,,134.0,441.0,,,,pose
159311,cross_animal_right_eye,0,1.0,zebra,zebra,,,,,41.79,
159311,inter_eye,0,,zebra,,,,285.0,162.0,,pose
159311,inter_eye,1,,zebra,,,,300.0,123.0,,pose
318238,inter_eye,0,,dog,,392.0,494.0,420.0,498.0,28.28,pose
318238,inter_eye,1,,bear,,194.0,225.0,,,,pose
318238,inter_eye,2,,dog,,187.0,224.0,,,,pose
250205,inter_eye,0,,bird,,213.0,149.0,,,,pose
250205,inter_eye,1,,bird,,199.0,134.0,216.0,133.0,17.03,pose
504635,inter_eye,0,,zebra,,206.0,214.0,,,,pose
504635,inter_eye,1,,zebra,,523.0,201.0,,,,pose
504635,inter_eye,2,,zebra,,342.0,214.0,,,,pose
504635,inter_eye,3,,zebra,,,,473.0,295.0,,pose
504635,inter_eye,4,,zebra,,,,,,,fallback
391144,inter_eye,0,,elephant,,131.0,142.0,,,,pose
391144,inter_eye,1,,elephant,,566.0,127.0,,,,pose
391144,inter_eye,2,,elephant,,236.0,196.0,,,,pose
391144,inter_eye,3,,elephant,,,,,,,fallback
391144,inter_eye,4,,elephant,,,,,,,fallback
391144,inter_eye,5,,elephant,,271.0,265.0,283.0,266.0,12.04,pose
391144,inter_eye,6,,elephant,,282.0,270.0,,,,pose
391144,inter_eye,7,,elephant,,279.0,261.0,,,,pose
391144,inter_eye,8,,elephant,,,,,,,fallback
80274,inter_eye,0,,elephant,,233.0,238.0,,,,pose
80274,inter_eye,1,,elephant,,241.0,242.0,,,,pose
80274,inter_eye,2,,elephant,,242.0,251.0,,,,pose
80274,inter_eye,3,,elephant,,176.0,202.0,,,,pose
157098,inter_eye,0,,giraffe,,445.0,69.0,,,,pose
157098,inter_eye,1,,giraffe,,196.0,31.0,,,,pose
157098,inter_eye,2,,giraffe,,,,211.0,36.0,,pose
565624,inter_eye,0,,elephant,,,,573.0,228.0,,pose
565624,inter_eye,1,,bear,,,,,,,fallback
565624,inter_eye,2,,cow,,,,,,,fallback
133778,inter_eye,0,,cow,,90.0,105.0,,,,pose
133778,inter_eye,1,,cow,,,,429.0,257.0,,pose
163290,inter_eye,0,,zebra,,,,217.0,532.0,,pose
163290,inter_eye,1,,giraffe,,,,,,,fallback
303653,cross_animal_right_eye,0,1.0,horse,horse,,,,,175.18,
303653,inter_eye,0,,horse,,,,361.0,191.0,,pose
303653,inter_eye,1,,horse,,523.0,197.0,536.0,199.0,13.15,pose
303653,inter_eye,2,,horse,,,,,,,fallback
303653,inter_eye,3,,cow,,,,,,,fallback
303653,inter_eye,4,,sheep,,,,,,,fallback
286849,cross_animal_right_eye,0,1.0,giraffe,giraffe,,,,,120.07,
286849,cross_animal_right_eye,0,2.0,giraffe,giraffe,,,,,240.67,
286849,cross_animal_right_eye,0,3.0,giraffe,giraffe,,,,,309.28,
286849,cross_animal_right_eye,0,4.0,giraffe,giraffe,,,,,242.05,
286849,cross_animal_right_eye,1,2.0,giraffe,giraffe,,,,,120.81,
286849,cross_animal_right_eye,1,3.0,giraffe,giraffe,,,,,203.4,
286849,cross_animal_right_eye,1,4.0,giraffe,giraffe,,,,,122.0,
286849,cross_animal_right_eye,2,3.0,giraffe,giraffe,,,,,116.81,
286849,cross_animal_right_eye,2,4.0,giraffe,giraffe,,,,,13.15,
286849,cross_animal_right_eye,3,4.0,giraffe,giraffe,,,,,128.39,
286849,inter_eye,0,,giraffe,,,,225.0,379.0,,pose
286849,inter_eye,1,,giraffe,,,,221.0,259.0,,pose
286849,inter_eye,2,,giraffe,,,,207.0,139.0,,pose
286849,inter_eye,3,,giraffe,,70.0,111.0,98.0,97.0,31.3,pose
286849,inter_eye,4,,giraffe,,,,220.0,137.0,,pose
240754,inter_eye,0,,cow,,231.0,170.0,274.0,173.0,43.1,pose
240754,inter_eye,1,,cow,,,,,,,fallback
229997,cross_animal_right_eye,0,2.0,bird,bird,,,,,411.7,
229997,cross_animal_right_eye,0,4.0,bird,bear,,,,,262.16,
229997,cross_animal_right_eye,0,5.0,bird,bird,,,,,221.44,
229997,cross_animal_right_eye,2,4.0,bird,bear,,,,,223.45,
229997,cross_animal_right_eye,2,5.0,bird,bird,,,,,191.16,
229997,cross_animal_right_eye,4,5.0,bear,bird,,,,,141.89,
229997,inter_eye,0,,bird,,82.0,271.0,88.0,271.0,6.0,pose
229997,inter_eye,1,,bird,,,,,,,fallback
229997,inter_eye,2,,bird,,453.0,344.0,493.0,345.0,40.01,pose
229997,inter_eye,3,,bird,,226.0,54.0,,,,pose
229997,inter_eye,4,,bear,,311.0,185.0,336.0,186.0,25.02,pose
229997,inter_eye,5,,bird,,299.0,322.0,303.0,324.0,4.47,pose
22589,cross_animal_right_eye,0,1.0,sheep,sheep,,,,,10.3,
22589,cross_animal_right_eye,0,2.0,sheep,sheep,,,,,7.28,
22589,cross_animal_right_eye,1,2.0,sheep,sheep,,,,,3.61,
22589,inter_eye,0,,sheep,,239.0,260.0,280.0,256.0,41.19,pose
22589,inter_eye,1,,sheep,,247.0,260.0,289.0,261.0,42.01,pose
22589,inter_eye,2,,sheep,,243.0,259.0,287.0,258.0,44.01,pose
374052,inter_eye,0,,bird,,,,,,,fallback
374052,inter_eye,1,,bird,,,,,,,fallback
374052,inter_eye,2,,bird,,,,,,,fallback
374052,inter_eye,3,,bird,,,,,,,fallback
374052,inter_eye,4,,bird,,,,,,,fallback
374052,inter_eye,5,,bird,,,,,,,fallback
374052,inter_eye,6,,bird,,,,,,,fallback
374052,inter_eye,7,,bird,,,,,,,fallback
374052,inter_eye,8,,bird,,,,,,,fallback
374052,inter_eye,9,,bird,,,,,,,fallback
374052,inter_eye,10,,bird,,,,,,,fallback
374052,inter_eye,11,,bird,,,,,,,fallback
374052,inter_eye,12,,bird,,,,,,,fallback
374052,inter_eye,13,,bird,,,,,,,fallback
374052,inter_eye,14,,bird,,,,,,,fallback
374052,inter_eye,15,,bird,,,,,,,fallback
566042,cross_animal_right_eye,3,4.0,giraffe,giraffe,,,,,113.22,
566042,inter_eye,0,,giraffe,,100.0,250.0,,,,pose
566042,inter_eye,1,,giraffe,,208.0,246.0,,,,pose
566042,inter_eye,2,,giraffe,,127.0,229.0,,,,pose
566042,inter_eye,3,,giraffe,,206.0,74.0,231.0,82.0,26.25,pose
566042,inter_eye,4,,giraffe,,318.0,71.0,344.0,75.0,26.31,pose
566042,inter_eye,5,,giraffe,,173.0,189.0,,,,pose
288882,inter_eye,0,,giraffe,,,,429.0,49.0,,pose
288882,inter_eye,1,,giraffe,,,,,,,fallback
85823,inter_eye,0,,zebra,,371.0,218.0,,,,pose
85823,inter_eye,1,,zebra,,,,122.0,158.0,,pose
85823,inter_eye,2,,zebra,,231.0,190.0,,,,pose
85823,inter_eye,3,,zebra,,359.0,232.0,,,,pose
124975,cross_animal_right_eye,0,1.0,zebra,zebra,,,,,319.9,
124975,inter_eye,0,,zebra,,182.0,136.0,218.0,130.0,36.5,pose
124975,inter_eye,1,,zebra,,,,537.0,106.0,,pose
124975,inter_eye,2,,zebra,,209.0,118.0,,,,pose
124975,inter_eye,3,,zebra,,228.0,105.0,,,,pose
11760,cross_animal_right_eye,0,1.0,zebra,zebra,,,,,151.2,
11760,cross_animal_right_eye,0,2.0,zebra,zebra,,,,,354.36,
11760,cross_animal_right_eye,1,2.0,zebra,zebra,,,,,203.35,
11760,inter_eye,0,,zebra,,140.0,169.0,184.0,174.0,44.28,pose
11760,inter_eye,1,,zebra,,290.0,187.0,334.0,193.0,44.41,pose
11760,inter_eye,2,,zebra,,489.0,202.0,537.0,205.0,48.09,pose
535156,inter_eye,0,,elephant,,26.0,163.0,,,,pose
535156,inter_eye,1,,elephant,,387.0,105.0,478.0,128.0,93.86,pose
340272,inter_eye,0,,sheep,,67.0,214.0,,,,pose
340272,inter_eye,1,,sheep,,437.0,200.0,,,,pose
340272,inter_eye,2,,sheep,,,,,,,fallback
221155,cross_animal_right_eye,0,1.0,cow,cow,,,,,259.85,
221155,inter_eye,0,,cow,,480.0,370.0,489.0,371.0,9.06,pose
221155,inter_eye,1,,cow,,228.0,351.0,230.0,350.0,2.24,pose
137576,cross_animal_right_eye,0,1.0,cow,cow,,,,,275.11,
137576,cross_animal_right_eye,0,2.0,cow,cow,,,,,140.01,
137576,cross_animal_right_eye,0,3.0,cow,cow,,,,,25.55,
137576,cross_animal_right_eye,0,4.0,cow,cow,,,,,38.21,
137576,cross_animal_right_eye,0,6.0,cow,cow,,,,,220.12,
137576,cross_animal_right_eye,0,7.0,cow,cow,,,,,271.36,
137576,cross_animal_right_eye,1,2.0,cow,cow,,,,,138.06,
137576,cross_animal_right_eye,1,3.0,cow,cow,,,,,300.67,
137576,cross_animal_right_eye,1,4.0,cow,cow,,,,,311.85,
137576,cross_animal_right_eye,1,6.0,cow,cow,,,,,145.23,
137576,cross_animal_right_eye,1,7.0,cow,cow,,,,,10.0,
137576,cross_animal_right_eye,2,3.0,cow,cow,,,,,165.31,
137576,cross_animal_right_eye,2,4.0,cow,cow,,,,,175.32,
137576,cross_animal_right_eye,2,6.0,cow,cow,,,,,144.36,
137576,cross_animal_right_eye,2,7.0,cow,cow,,,,,135.88,
137576,cross_animal_right_eye,3,4.0,cow,cow,,,,,15.52,
137576,cross_animal_right_eye,3,6.0,cow,cow,,,,,242.33,
137576,cross_animal_right_eye,3,7.0,cow,cow,,,,,296.91,
137576,cross_animal_right_eye,4,6.0,cow,cow,,,,,257.26,
137576,cross_animal_right_eye,4,7.0,cow,cow,,,,,308.42,
137576,cross_animal_right_eye,6,7.0,cow,cow,,,,,135.56,
137576,inter_eye,0,,cow,,,,70.0,410.0,,pose
137576,inter_eye,1,,cow,,299.0,269.0,308.0,272.0,9.49,pose
137576,inter_eye,2,,cow,,,,200.0,358.0,,pose
137576,inter_eye,3,,cow,,5.0,430.0,48.0,423.0,43.57,pose
137576,inter_eye,4,,cow,,19.0,444.0,44.0,438.0,25.71,pose
137576,inter_eye,5,,cow,,,,,,,fallback
137576,inter_eye,6,,cow,,,,174.0,216.0,,pose
137576,inter_eye,7,,cow,,,,300.0,266.0,,pose
137576,inter_eye,8,,cow,,,,,,,fallback
79144,cross_animal_right_eye,0,1.0,bear,bear,,,,,69.12,
79144,cross_animal_right_eye,0,2.0,bear,bear,,,,,3.61,
79144,cross_animal_right_eye,1,2.0,bear,bear,,,,,65.51,
79144,inter_eye,0,,bear,,,,255.0,161.0,,pose
79144,inter_eye,1,,bear,,,,314.0,197.0,,pose
79144,inter_eye,2,,bear,,,,258.0,163.0,,pose
49269,cross_animal_right_eye,0,1.0,horse,dog,,,,,17.49,
49269,inter_eye,0,,horse,,176.0,341.0,204.0,345.0,28.28,pose
49269,inter_eye,1,,dog,,186.0,336.0,219.0,336.0,33.0,pose
119641,cross_animal_right_eye,1,4.0,elephant,elephant,,,,,63.56,
119641,cross_animal_right_eye,1,7.0,elephant,elephant,,,,,72.53,
119641,cross_animal_right_eye,4,7.0,elephant,elephant,,,,,9.43,
119641,inter_eye,0,,elephant,,123.0,408.0,,,,pose
119641,inter_eye,1,,elephant,,261.0,404.0,279.0,403.0,18.03,pose
119641,inter_eye,2,,elephant,,,,,,,fallback
119641,inter_eye,3,,elephant,,,,,,,fallback
119641,inter_eye,4,,elephant,,335.0,414.0,341.0,417.0,6.71,pose
119641,inter_eye,5,,elephant,,,,,,,fallback
119641,inter_eye,6,,elephant,,,,,,,fallback
119641,inter_eye,7,,elephant,,345.0,420.0,349.0,422.0,4.47,pose
119641,inter_eye,8,,elephant,,,,,,,fallback
119641,inter_eye,9,,elephant,,,,,,,fallback
119641,inter_eye,10,,elephant,,,,,,,fallback
315001,inter_eye,0,,bird,,390.0,303.0,,,,pose
315001,inter_eye,1,,bird,,,,,,,fallback
315001,inter_eye,2,,bird,,,,,,,fallback
315001,inter_eye,3,,bird,,,,,,,fallback
315001,inter_eye,4,,bird,,,,,,,fallback
315001,inter_eye,5,,bird,,,,,,,fallback
315001,inter_eye,6,,bird,,226.0,134.0,,,,pose
315001,inter_eye,7,,bird,,,,,,,fallback
315001,inter_eye,8,,bird,,,,,,,fallback
315001,inter_eye,9,,bird,,,,,,,fallback
315001,inter_eye,10,,bird,,,,,,,fallback
315001,inter_eye,11,,bird,,,,,,,fallback
315001,inter_eye,12,,bird,,,,,,,fallback
315001,inter_eye,13,,bird,,,,,,,fallback
315001,inter_eye,14,,bird,,,,,,,fallback
315001,inter_eye,15,,bird,,,,,,,fallback
315001,inter_eye,16,,bird,,,,,,,fallback
315001,inter_eye,17,,bird,,,,,,,fallback
315001,inter_eye,18,,bird,,,,,,,fallback
315001,inter_eye,19,,bird,,,,,,,fallback
315001,inter_eye,20,,bird,,,,,,,fallback
315001,inter_eye,21,,bird,,,,,,,fallback
315001,inter_eye,22,,bird,,,,,,,fallback
315001,inter_eye,23,,bird,,,,,,,fallback
315001,inter_eye,24,,bird,,,,,,,fallback
315001,inter_eye,25,,bird,,,,,,,fallback
315001,inter_eye,26,,bird,,,,,,,fallback
315001,inter_eye,27,,bird,,,,,,,fallback
315001,inter_eye,28,,bird,,,,,,,fallback
261888,inter_eye,0,,cow,,249.0,242.0,,,,pose
261888,inter_eye,1,,cow,,291.0,239.0,,,,pose
563603,cross_animal_right_eye,0,1.0,giraffe,giraffe,,,,,90.35,
563603,cross_animal_right_eye,0,2.0,giraffe,giraffe,,,,,77.16,
563603,cross_animal_right_eye,1,2.0,giraffe,giraffe,,,,,13.34,
563603,inter_eye,0,,giraffe,,,,320.0,234.0,,pose
563603,inter_eye,1,,giraffe,,,,230.0,226.0,,pose
563603,inter_eye,2,,giraffe,,,,243.0,229.0,,pose
268729,inter_eye,0,,zebra,,,,573.0,330.0,,pose
268729,inter_eye,1,,zebra,,,,,,,fallback
268729,inter_eye,2,,zebra,,95.0,307.0,,,,pose
268729,inter_eye,3,,zebra,,,,,,,fallback
268729,inter_eye,4,,giraffe,,,,,,,fallback
268729,inter_eye,5,,cow,,,,,,,fallback
268729,inter_eye,6,,cow,,,,,,,fallback
268729,inter_eye,7,,zebra,,,,,,,fallback
185409,cross_animal_right_eye,0,3.0,zebra,zebra,,,,,174.16,
185409,inter_eye,0,,zebra,,,,136.0,140.0,,pose
185409,inter_eye,1,,zebra,,468.0,144.0,,,,pose
185409,inter_eye,2,,zebra,,,,,,,fallback
185409,inter_eye,3,,zebra,,284.0,176.0,307.0,173.0,23.19,pose
185409,inter_eye,4,,zebra,,459.0,147.0,,,,pose
185409,inter_eye,5,,zebra,,,,,,,fallback
185409,inter_eye,6,,zebra,,,,,,,fallback
185409,inter_eye,7,,zebra,,71.0,88.0,,,,pose
185409,inter_eye,8,,zebra,,,,,,,fallback
185409,inter_eye,9,,zebra,,,,,,,fallback
185409,inter_eye,10,,zebra,,,,,,,fallback
31269,cross_animal_right_eye,0,1.0,zebra,zebra,,,,,50.22,
31269,cross_animal_right_eye,0,2.0,zebra,zebra,,,,,381.64,
31269,cross_animal_right_eye,1,2.0,zebra,zebra,,,,,364.0,
31269,inter_eye,0,,zebra,,405.0,210.0,422.0,211.0,17.03,pose
31269,inter_eye,1,,zebra,,,,411.0,260.0,,pose
31269,inter_eye,2,,zebra,,,,48.0,287.0,,pose
49761,cross_animal_right_eye,0,2.0,zebra,zebra,,,,,82.39,
49761,cross_animal_right_eye,0,3.0,zebra,zebra,,,,,127.88,
49761,cross_animal_right_eye,0,6.0,zebra,zebra,,,,,84.4,
49761,cross_animal_right_eye,0,10.0,zebra,cow,,,,,86.35,
49761,cross_animal_right_eye,2,3.0,zebra,zebra,,,,,209.12,
49761,cross_animal_right_eye,2,6.0,zebra,zebra,,,,,164.44,
49761,cross_animal_right_eye,2,10.0,zebra,cow,,,,,166.43,
49761,cross_animal_right_eye,3,6.0,zebra,zebra,,,,,45.28,
49761,cross_animal_right_eye,3,10.0,zebra,cow,,,,,43.29,
49761,cross_animal_right_eye,6,10.0,zebra,cow,,,,,2.0,
49761,inter_eye,0,,zebra,,,,342.0,253.0,,pose
49761,inter_eye,1,,zebra,,,,,,,fallback
49761,inter_eye,2,,zebra,,,,424.0,261.0,,pose
49761,inter_eye,3,,zebra,,,,215.0,268.0,,pose
49761,inter_eye,4,,horse,,,,,,,fallback
49761,inter_eye,5,,horse,,31.0,363.0,,,,pose
49761,inter_eye,6,,zebra,,,,260.0,273.0,,pose
49761,inter_eye,7,,zebra,,,,,,,fallback
49761,inter_eye,8,,cow,,30.0,364.0,,,,pose
49761,inter_eye,9,,zebra,,,,,,,fallback
49761,inter_eye,10,,cow,,,,258.0,273.0,,pose
49761,inter_eye,11,,zebra,,,,,,,fallback
49761,inter_eye,12,,zebra,,,,,,,fallback
49761,inter_eye,13,,zebra,,,,,,,fallback
153299,inter_eye,0,,giraffe,,,,221.0,218.0,,pose
153299,inter_eye,1,,giraffe,,50.0,63.0,,,,pose
221281,inter_eye,0,,giraffe,,,,260.0,207.0,,pose
221281,inter_eye,1,,giraffe,,,,,,,fallback
221281,inter_eye,2,,giraffe,,,,,,,fallback
221281,inter_eye,3,,giraffe,,,,,,,fallback
221281,inter_eye,4,,giraffe,,,,,,,fallback
369081,cross_animal_right_eye,0,1.0,horse,horse,,,,,145.0,
369081,cross_animal_right_eye,0,2.0,horse,horse,,,,,248.13,
369081,cross_animal_right_eye,1,2.0,horse,horse,,,,,393.08,
369081,inter_eye,0,,horse,,263.0,204.0,284.0,204.0,21.0,pose
369081,inter_eye,1,,horse,,120.0,205.0,139.0,204.0,19.03,pose
369081,inter_eye,2,,horse,,508.0,211.0,532.0,212.0,24.02,pose
123585,inter_eye,0,,bird,,,,,,,fallback
123585,inter_eye,1,,bird,,,,144.0,77.0,,pose
123585,inter_eye,2,,bird,,,,,,,fallback
123585,inter_eye,3,,bird,,,,,,,fallback
123585,inter_eye,4,,bird,,37.0,78.0,,,,pose
383921,cross_animal_right_eye,0,1.0,elephant,elephant,,,,,248.09,
383921,cross_animal_right_eye,0,2.0,elephant,elephant,,,,,119.24,
383921,cross_animal_right_eye,0,3.0,elephant,elephant,,,,,386.87,
383921,cross_animal_right_eye,0,4.0,elephant,elephant,,,,,380.7,
383921,cross_animal_right_eye,0,6.0,elephant,elephant,,,,,245.47,
383921,cross_animal_right_eye,0,9.0,elephant,elephant,,,,,304.24,
383921,cross_animal_right_eye,0,10.0,elephant,elephant,,,,,324.35,
383921,cross_animal_right_eye,0,14.0,elephant,elephant,,,,,323.83,
383921,cross_animal_right_eye,0,15.0,elephant,elephant,,,,,376.12,
383921,cross_animal_right_eye,1,2.0,elephant,elephant,,,,,145.62,
383921,cross_animal_right_eye,1,3.0,elephant,elephant,,,,,242.87,
383921,cross_animal_right_eye,1,4.0,elephant,elephant,,,,,139.64,
383921,cross_animal_right_eye,1,6.0,elephant,elephant,,,,,106.08,
383921,cross_animal_right_eye,1,9.0,elephant,elephant,,,,,195.6,
383921,cross_animal_right_eye,1,10.0,elephant,elephant,,,,,207.5,
383921,cross_animal_right_eye,1,14.0,elephant,elephant,,,,,204.78,
383921,cross_animal_right_eye,1,15.0,elephant,elephant,,,,,235.05,
383921,cross_animal_right_eye,2,3.0,elephant,elephant,,,,,273.27,
383921,cross_animal_right_eye,2,4.0,elephant,elephant,,,,,266.99,
383921,cross_animal_right_eye,2,6.0,elephant,elephant,,,,,126.38,
383921,cross_animal_right_eye,2,9.0,elephant,elephant,,,,,193.5,
383921,cross_animal_right_eye,2,10.0,elephant,elephant,,,,,213.22,
383921,cross_animal_right_eye,2,14.0,elephant,elephant,,,,,212.2,
383921,cross_animal_right_eye,2,15.0,elephant,elephant,,,,,262.69,
383921,cross_animal_right_eye,3,4.0,elephant,elephant,,,,,194.65,
383921,cross_animal_right_eye,3,6.0,elephant,elephant,,,,,157.0,
383921,cross_animal_right_eye,3,9.0,elephant,elephant,,,,,83.82,
383921,cross_animal_right_eye,3,10.0,elephant,elephant,,,,,64.03,
383921,cross_animal_right_eye,3,14.0,elephant,elephant,,,,,63.89,
383921,cross_animal_right_eye,3,15.0,elephant,elephant,,,,,10.77,
383921,cross_animal_right_eye,4,6.0,elephant,elephant,,,,,161.62,
383921,cross_animal_right_eye,4,9.0,elephant,elephant,,,,,201.08,
383921,cross_animal_right_eye,4,10.0,elephant,elephant,,,,,199.53,
383921,cross_animal_right_eye,4,14.0,elephant,elephant,,,,,196.41,
383921,cross_animal_right_eye,4,15.0,elephant,elephant,,,,,192.63,
383921,cross_animal_right_eye,6,9.0,elephant,elephant,,,,,92.66,
383921,cross_animal_right_eye,6,10.0,elephant,elephant,,,,,107.79,
383921,cross_animal_right_eye,6,14.0,elephant,elephant,,,,,105.55,
383921,cross_animal_right_eye,6,15.0,elephant,elephant,,,,,147.25,
383921,cross_animal_right_eye,9,10.0,elephant,elephant,,,,,20.12,
383921,cross_animal_right_eye,9,14.0,elephant,elephant,,,,,19.92,
383921,cross_animal_right_eye,9,15.0,elephant,elephant,,,,,73.08,
383921,cross_animal_right_eye,10,14.0,elephant,elephant,,,,,3.16,
383921,cross_animal_right_eye,10,15.0,elephant,elephant,,,,,53.37,
383921,cross_animal_right_eye,14,15.0,elephant,elephant,,,,,53.16,
383921,inter_eye,0,,elephant,,,,526.0,209.0,,pose
383921,inter_eye,1,,elephant,,257.0,159.0,283.0,159.0,26.0,pose
383921,inter_eye,2,,elephant,,,,409.0,232.0,,pose
383921,inter_eye,3,,elephant,,152.0,370.0,178.0,378.0,27.2,pose
383921,inter_eye,4,,elephant,,,,146.0,186.0,,pose
383921,inter_eye,5,,elephant,,,,,,,fallback
383921,inter_eye,6,,elephant,,,,287.0,265.0,,pose
383921,inter_eye,7,,elephant,,,,,,,fallback
383921,inter_eye,8,,elephant,,21.0,190.0,,,,pose
383921,inter_eye,9,,elephant,,236.0,349.0,258.0,353.0,22.36,pose
383921,inter_eye,10,,elephant,,,,240.0,362.0,,pose
383921,inter_eye,11,,elephant,,,,,,,fallback
383921,inter_eye,12,,elephant,,,,,,,fallback
383921,inter_eye,13,,elephant,,,,,,,fallback
383921,inter_eye,14,,elephant,,206.0,352.0,239.0,359.0,33.73,pose
383921,inter_eye,15,,elephant,,159.0,366.0,188.0,374.0,30.08,pose
383921,inter_eye,16,,elephant,,,,,,,fallback
492992,inter_eye,0,,cow,,282.0,432.0,370.0,437.0,88.14,pose
492992,inter_eye,1,,bird,,,,,,,fallback
415990,cross_animal_right_eye,2,5.0,cow,cow,,,,,244.07,
415990,inter_eye,0,,cow,,,,,,,fallback
415990,inter_eye,1,,cow,,,,,,,fallback
415990,inter_eye,2,,cow,,338.0,185.0,343.0,188.0,5.83,pose
415990,inter_eye,3,,cow,,159.0,195.0,,,,pose
415990,inter_eye,4,,cow,,,,,,,fallback
415990,inter_eye,5,,cow,,97.0,181.0,99.0,182.0,2.24,pose
415990,inter_eye,6,,cow,,,,,,,fallback
415990,inter_eye,7,,cow,,,,,,,fallback
415990,inter_eye,8,,cow,,,,,,,fallback
415990,inter_eye,9,,cow,,,,,,,fallback
415990,inter_eye,10,,cow,,,,,,,fallback
415990,inter_eye,11,,cow,,,,,,,fallback
415990,inter_eye,12,,cow,,,,,,,fallback
415990,inter_eye,13,,cow,,,,,,,fallback
415990,inter_eye,14,,cow,,,,,,,fallback
415990,inter_eye,15,,cow,,419.0,187.0,,,,pose
267434,cross_animal_right_eye,0,1.0,cow,cow,,,,,88.75,
267434,cross_animal_right_eye,0,2.0,cow,cow,,,,,427.12,
267434,cross_animal_right_eye,0,3.0,cow,cow,,,,,219.21,
267434,cross_animal_right_eye,0,4.0,cow,cow,,,,,147.09,
267434,cross_animal_right_eye,0,5.0,cow,cow,,,,,273.44,
267434,cross_animal_right_eye,0,6.0,cow,cow,,,,,324.15,
267434,cross_animal_right_eye,0,7.0,cow,cow,,,,,276.74,
267434,cross_animal_right_eye,1,2.0,cow,cow,,,,,502.52,
267434,cross_animal_right_eye,1,3.0,cow,cow,,,,,293.16,
267434,cross_animal_right_eye,1,4.0,cow,cow,,,,,231.87,
267434,cross_animal_right_eye,1,5.0,cow,cow,,,,,354.46,
267434,cross_animal_right_eye,1,6.0,cow,cow,,,,,402.35,
267434,cross_animal_right_eye,1,7.0,cow,cow,,,,,358.05,
267434,cross_animal_right_eye,2,3.0,cow,cow,,,,,209.4,
267434,cross_animal_right_eye,2,4.0,cow,cow,,,,,285.81,
267434,cross_animal_right_eye,2,5.0,cow,cow,,,,,159.59,
267434,cross_animal_right_eye,2,6.0,cow,cow,,,,,104.92,
267434,cross_animal_right_eye,2,7.0,cow,cow,,,,,157.43,
267434,cross_animal_right_eye,3,4.0,cow,cow,,,,,91.02,
267434,cross_animal_right_eye,3,5.0,cow,cow,,,,,74.28,
267434,cross_animal_right_eye,3,6.0,cow,cow,,,,,111.02,
267434,cross_animal_right_eye,3,7.0,cow,cow,,,,,78.52,
267434,cross_animal_right_eye,4,5.0,cow,cow,,,,,128.02,
267434,cross_animal_right_eye,4,6.0,cow,cow,,,,,181.11,
267434,cross_animal_right_eye,4,7.0,cow,cow,,,,,131.0,
267434,cross_animal_right_eye,5,6.0,cow,cow,,,,,55.03,
267434,cross_animal_right_eye,5,7.0,cow,cow,,,,,4.24,
267434,cross_animal_right_eye,6,7.0,cow,cow,,,,,53.31,
267434,inter_eye,0,,cow,,146.0,256.0,193.0,255.0,47.01,pose
267434,inter_eye,1,,cow,,76.0,304.0,119.0,304.0,43.0,pose
267434,inter_eye,2,,cow,,,,620.0,265.0,,pose
267434,inter_eye,3,,cow,,387.0,275.0,411.0,278.0,24.19,pose
267434,inter_eye,4,,cow,,314.0,223.0,337.0,225.0,23.09,pose
267434,inter_eye,5,,cow,,455.0,224.0,465.0,227.0,10.44,pose
267434,inter_eye,6,,cow,,,,517.0,245.0,,pose
267434,inter_eye,7,,cow,,457.0,224.0,468.0,224.0,11.0,pose
267434,inter_eye,8,,cow,,422.0,249.0,,,,pose
267434,inter_eye,9,,cow,,,,,,,fallback
240049,inter_eye,0,,giraffe,,58.0,330.0,90.0,326.0,32.25,pose
240049,inter_eye,1,,giraffe,,,,,,,fallback
240049,inter_eye,2,,giraffe,,,,,,,fallback
87470,cross_animal_right_eye,1,4.0,cow,cow,,,,,213.68,
87470,cross_animal_right_eye,1,20.0,cow,cow,,,,,277.72,
87470,cross_animal_right_eye,4,20.0,cow,cow,,,,,73.93,
87470,inter_eye,0,,cow,,,,,,,fallback
87470,inter_eye,1,,cow,,104.0,202.0,146.0,204.0,42.05,pose
87470,inter_eye,2,,cow,,501.0,157.0,,,,pose
87470,inter_eye,3,,cow,,,,,,,fallback
87470,inter_eye,4,,cow,,343.0,220.0,359.0,221.0,16.03,pose
87470,inter_eye,5,,cow,,434.0,174.0,,,,pose
87470,inter_eye,6,,cow,,,,,,,fallback
87470,inter_eye,7,,cow,,,,,,,fallback
87470,inter_eye,8,,cow,,,,,,,fallback
87470,inter_eye,9,,cow,,,,,,,fallback
87470,inter_eye,10,,cow,,,,,,,fallback
87470,inter_eye,11,,cow,,,,,,,fallback
87470,inter_eye,12,,cow,,,,,,,fallback
87470,inter_eye,13,,cow,,,,,,,fallback
87470,inter_eye,14,,cow,,,,,,,fallback
87470,inter_eye,15,,cow,,,,,,,fallback
87470,inter_eye,16,,cow,,,,,,,fallback
87470,inter_eye,17,,cow,,,,,,,fallback
87470,inter_eye,18,,cow,,,,,,,fallback
87470,inter_eye,19,,cow,,426.0,151.0,,,,pose
87470,inter_eye,20,,cow,,,,423.0,184.0,,pose
87470,inter_eye,21,,cow,,,,,,,fallback
379533,inter_eye,0,,zebra,,187.0,490.0,,,,pose
379533,inter_eye,1,,elephant,,,,,,,fallback
379533,inter_eye,2,,elephant,,,,,,,fallback
20059,inter_eye,0,,zebra,,,,493.0,258.0,,pose
20059,inter_eye,1,,zebra,,,,,,,fallback
194506,inter_eye,0,,bear,,,,279.0,143.0,,pose
194506,inter_eye,1,,bear,,292.0,173.0,,,,pose
418281,inter_eye,0,,cow,,262.0,272.0,265.0,270.0,3.61,pose
418281,inter_eye,1,,cow,,,,,,,fallback
418281,inter_eye,2,,cow,,,,,,,fallback
33707,cross_animal_right_eye,0,1.0,giraffe,giraffe,,,,,11.66,
33707,inter_eye,0,,giraffe,,,,447.0,228.0,,pose
33707,inter_eye,1,,giraffe,,,,457.0,222.0,,pose
162543,inter_eye,0,,elephant,,,,,,,fallback
162543,inter_eye,1,,elephant,,296.0,186.0,322.0,180.0,26.68,pose
162543,inter_eye,2,,elephant,,,,,,,fallback
162543,inter_eye,3,,elephant,,,,,,,fallback
162543,inter_eye,4,,elephant,,,,,,,fallback
162543,inter_eye,5,,elephant,,,,,,,fallback
162543,inter_eye,6,,elephant,,,,,,,fallback
48504,cross_animal_right_eye,0,1.0,elephant,elephant,,,,,184.74,
48504,cross_animal_right_eye,0,2.0,elephant,horse,,,,,243.02,
48504,cross_animal_right_eye,1,2.0,elephant,horse,,,,,58.87,
48504,inter_eye,0,,elephant,,,,326.0,259.0,,pose
48504,inter_eye,1,,elephant,,,,507.0,296.0,,pose
48504,inter_eye,2,,horse,,,,562.0,317.0,,pose
535578,inter_eye,0,,sheep,,244.0,461.0,,,,pose
535578,inter_eye,1,,sheep,,104.0,262.0,,,,pose
535578,inter_eye,2,,sheep,,,,,,,fallback
535578,inter_eye,3,,sheep,,269.0,270.0,,,,pose
535578,inter_eye,4,,sheep,,377.0,209.0,,,,pose
535578,inter_eye,5,,sheep,,352.0,202.0,,,,pose
535578,inter_eye,6,,sheep,,,,,,,fallback
535578,inter_eye,7,,sheep,,32.0,140.0,34.0,140.0,2.0,pose
535578,inter_eye,8,,sheep,,,,,,,fallback
535578,inter_eye,9,,sheep,,,,,,,fallback
535578,inter_eye,10,,sheep,,,,,,,fallback
535578,inter_eye,11,,sheep,,,,,,,fallback
535578,inter_eye,12,,sheep,,,,,,,fallback
535578,inter_eye,13,,sheep,,,,,,,fallback
107226,inter_eye,0,,sheep,,,,,,,fallback
107226,inter_eye,1,,sheep,,163.0,361.0,184.0,360.0,21.02,pose
107226,inter_eye,2,,horse,,,,,,,fallback
107226,inter_eye,3,,horse,,,,,,,fallback
107226,inter_eye,4,,sheep,,95.0,372.0,,,,pose
206135,inter_eye,0,,cow,,,,,,,fallback
206135,inter_eye,1,,cow,,,,,,,fallback
206135,inter_eye,2,,cow,,,,,,,fallback
206135,inter_eye,3,,cow,,261.0,310.0,262.0,308.0,2.24,pose
564133,cross_animal_right_eye,0,1.0,elephant,elephant,,,,,120.02,
564133,cross_animal_right_eye,0,3.0,elephant,elephant,,,,,287.25,
564133,cross_animal_right_eye,0,4.0,elephant,elephant,,,,,257.44,
564133,cross_animal_right_eye,1,3.0,elephant,elephant,,,,,167.3,
564133,cross_animal_right_eye,1,4.0,elephant,elephant,,,,,137.62,
564133,cross_animal_right_eye,3,4.0,elephant,elephant,,,,,30.15,
564133,inter_eye,0,,elephant,,439.0,191.0,509.0,190.0,70.01,pose
564133,inter_eye,1,,elephant,,,,389.0,192.0,,pose
564133,inter_eye,2,,elephant,,,,,,,fallback
564133,inter_eye,3,,elephant,,217.0,208.0,222.0,202.0,7.81,pose
564133,inter_eye,4,,elephant,,230.0,204.0,252.0,205.0,22.02,pose
564133,inter_eye,5,,elephant,,,,,,,fallback
250758,inter_eye,0,,zebra,,149.0,155.0,,,,pose
250758,inter_eye,1,,zebra,,27.0,183.0,,,,pose
44699,cross_animal_right_eye,0,1.0,sheep,sheep,,,,,271.67,
44699,cross_animal_right_eye,0,2.0,sheep,sheep,,,,,98.06,
44699,cross_animal_right_eye,1,2.0,sheep,sheep,,,,,173.93,
44699,inter_eye,0,,sheep,,193.0,223.0,204.0,225.0,11.18,pose
44699,inter_eye,1,,sheep,,468.0,264.0,473.0,263.0,5.1,pose
44699,inter_eye,2,,sheep,,,,300.0,245.0,,pose
44699,inter_eye,3,,sheep,,481.0,262.0,,,,pose
44699,inter_eye,4,,sheep,,,,,,,fallback
44699,inter_eye,5,,sheep,,,,,,,fallback
44699,inter_eye,6,,sheep,,,,,,,fallback
119233,cross_animal_right_eye,0,1.0,cat,cat,,,,,24.17,
119233,cross_animal_right_eye,0,2.0,cat,cat,,,,,22.47,
119233,cross_animal_right_eye,1,2.0,cat,cat,,,,,3.61,
119233,inter_eye,0,,cat,,99.0,158.0,127.0,166.0,29.12,pose
119233,inter_eye,1,,cat,,109.0,156.0,149.0,156.0,40.0,pose
119233,inter_eye,2,,cat,,114.0,156.0,146.0,154.0,32.06,pose
360325,cross_animal_right_eye,0,1.0,sheep,sheep,,,,,215.23,
360325,cross_animal_right_eye,0,2.0,sheep,sheep,,,,,195.31,
360325,cross_animal_right_eye,0,3.0,sheep,sheep,,,,,191.01,
360325,cross_animal_right_eye,0,5.0,sheep,sheep,,,,,132.28,
360325,cross_animal_right_eye,0,8.0,sheep,sheep,,,,,50.04,
360325,cross_animal_right_eye,0,10.0,sheep,sheep,,,,,257.87,
360325,cross_animal_right_eye,0,11.0,sheep,sheep,,,,,324.57,
360325,cross_animal_right_eye,1,2.0,sheep,sheep,,,,,191.65,
360325,cross_animal_right_eye,1,3.0,sheep,sheep,,,,,181.84,
360325,cross_animal_right_eye,1,5.0,sheep,sheep,,,,,207.06,
360325,cross_animal_right_eye,1,8.0,sheep,sheep,,,,,250.42,
360325,cross_animal_right_eye,1,10.0,sheep,sheep,,,,,236.17,
360325,cross_animal_right_eye,1,11.0,sheep,sheep,,,,,288.52,
360325,cross_animal_right_eye,2,3.0,sheep,sheep,,,,,9.85,
360325,cross_animal_right_eye,2,5.0,sheep,sheep,,,,,72.8,
360325,cross_animal_right_eye,2,8.0,sheep,sheep,,,,,245.17,
360325,cross_animal_right_eye,2,10.0,sheep,sheep,,,,,64.2,
360325,cross_animal_right_eye,2,11.0,sheep,sheep,,,,,131.32,
360325,cross_animal_right_eye,3,5.0,sheep,sheep,,,,,72.95,
360325,cross_animal_right_eye,3,8.0,sheep,sheep,,,,,241.0,
360325,cross_animal_right_eye,3,10.0,sheep,sheep,,,,,71.18,
360325,cross_animal_right_eye,3,11.0,sheep,sheep,,,,,137.9,
360325,cross_animal_right_eye,5,8.0,sheep,sheep,,,,,180.43,
360325,cross_animal_right_eye,5,10.0,sheep,sheep,,,,,129.14,
360325,cross_animal_right_eye,5,11.0,sheep,sheep,,,,,194.31,
360325,cross_animal_right_eye,8,10.0,sheep,sheep,,,,,307.37,
360325,cross_animal_right_eye,8,11.0,sheep,sheep,,,,,373.84,
360325,cross_animal_right_eye,10,11.0,sheep,sheep,,,,,67.19,
360325,inter_eye,0,,sheep,,511.0,116.0,569.0,119.0,58.08,pose
360325,inter_eye,1,,sheep,,411.0,295.0,437.0,289.0,26.68,pose
360325,inter_eye,2,,sheep,,328.0,110.0,374.0,108.0,46.04,pose
360325,inter_eye,3,,sheep,,344.0,117.0,378.0,117.0,34.0,pose
360325,inter_eye,4,,sheep,,,,,,,fallback
360325,inter_eye,5,,sheep,,434.0,83.0,442.0,82.0,8.06,pose
360325,inter_eye,6,,sheep,,,,,,,fallback
360325,inter_eye,7,,sheep,,,,,,,fallback
360325,inter_eye,8,,sheep,,601.0,116.0,619.0,117.0,18.03,pose
360325,inter_eye,9,,sheep,,,,,,,fallback
360325,inter_eye,10,,sheep,,,,313.0,88.0,,pose
360325,inter_eye,11,,sheep,,225.0,67.0,248.0,71.0,23.35,pose
360325,inter_eye,12,,sheep,,,,,,,fallback
360325,inter_eye,13,,sheep,,,,,,,fallback
331280,inter_eye,0,,horse,,96.0,103.0,,,,pose
331280,inter_eye,1,,dog,,,,,,,fallback
332901,cross_animal_right_eye,0,1.0,cow,dog,,,,,243.07,
332901,cross_animal_right_eye,0,2.0,cow,cow,,,,,249.02,
332901,cross_animal_right_eye,1,2.0,dog,cow,,,,,6.71,
332901,inter_eye,0,,cow,,396.0,156.0,440.0,170.0,46.17,pose
332901,inter_eye,1,,dog,,,,197.0,176.0,,pose
332901,inter_eye,2,,cow,,,,191.0,173.0,,pose
332901,inter_eye,3,,cat,,,,,,,fallback
355240,cross_animal_right_eye,0,1.0,dog,dog,,,,,6.0,
355240,inter_eye,0,,dog,,219.0,74.0,244.0,76.0,25.08,pose
355240,inter_eye,1,,dog,,218.0,81.0,244.0,82.0,26.02,pose
23126,cross_animal_right_eye,0,1.0,horse,horse,,,,,32.45,
23126,inter_eye,0,,horse,,434.0,336.0,479.0,325.0,46.32,pose
23126,inter_eye,1,,horse,,,,452.0,343.0,,pose
183437,inter_eye,0,,elephant,,,,233.0,393.0,,pose
183437,inter_eye,1,,elephant,,,,,,,fallback
349302,cross_animal_right_eye,0,1.0,giraffe,giraffe,,,,,134.94,
349302,inter_eye,0,,giraffe,,,,379.0,138.0,,pose
349302,inter_eye,1,,giraffe,,,,247.0,110.0,,pose
445365,cross_animal_right_eye,0,1.0,giraffe,giraffe,,,,,126.63,
445365,inter_eye,0,,giraffe,,,,218.0,265.0,,pose
445365,inter_eye,1,,giraffe,,232.0,151.0,271.0,150.0,39.01,pose
